--------------------------------------------------------
-- Archivo creado  - sábado-febrero-09-2019   
--------------------------------------------------------
DROP TABLE "TRABAJOTERMINAL"."C_CLASE" cascade constraints;
DROP TABLE "TRABAJOTERMINAL"."C_TIPO" cascade constraints;
DROP TABLE "TRABAJOTERMINAL"."T_CUESTIONARIO" cascade constraints;
DROP TABLE "TRABAJOTERMINAL"."T_GENERO" cascade constraints;
DROP TABLE "TRABAJOTERMINAL"."T_OPCION" cascade constraints;
DROP TABLE "TRABAJOTERMINAL"."T_PREGUNTA" cascade constraints;
DROP TABLE "TRABAJOTERMINAL"."T_RESPUESTA" cascade constraints;
DROP TABLE "TRABAJOTERMINAL"."T_USER" cascade constraints;
DROP TABLE "TRABAJOTERMINAL"."T_USUARIO" cascade constraints;
--------------------------------------------------------
--  DDL for Sequence S_CUESTIONARIO
--------------------------------------------------------

   CREATE SEQUENCE  "TRABAJOTERMINAL"."S_CUESTIONARIO"  MINVALUE 1 MAXVALUE 100000000000000 INCREMENT BY 1 START WITH 101 CACHE 20 NOORDER  NOCYCLE ;
--------------------------------------------------------
--  DDL for Sequence SQ_GENERO
--------------------------------------------------------

   CREATE SEQUENCE  "TRABAJOTERMINAL"."SQ_GENERO"  MINVALUE 1 MAXVALUE 100000000000000 INCREMENT BY 1 START WITH 21 CACHE 20 NOORDER  NOCYCLE ;
--------------------------------------------------------
--  DDL for Sequence SQ_OPCION
--------------------------------------------------------

   CREATE SEQUENCE  "TRABAJOTERMINAL"."SQ_OPCION"  MINVALUE 1 MAXVALUE 10000000000000 INCREMENT BY 1 START WITH 101 CACHE 20 NOORDER  NOCYCLE ;
--------------------------------------------------------
--  DDL for Sequence SQ_PREGUNTA
--------------------------------------------------------

   CREATE SEQUENCE  "TRABAJOTERMINAL"."SQ_PREGUNTA"  MINVALUE 1 MAXVALUE 10000000000000 INCREMENT BY 1 START WITH 121 CACHE 20 NOORDER  NOCYCLE ;
--------------------------------------------------------
--  DDL for Sequence SQ_RESPUESTA
--------------------------------------------------------

   CREATE SEQUENCE  "TRABAJOTERMINAL"."SQ_RESPUESTA"  MINVALUE 1 MAXVALUE 100000 INCREMENT BY 1 START WITH 161 CACHE 20 NOORDER  NOCYCLE ;
--------------------------------------------------------
--  DDL for Sequence SQ_USER
--------------------------------------------------------

   CREATE SEQUENCE  "TRABAJOTERMINAL"."SQ_USER"  MINVALUE 1 MAXVALUE 10000 INCREMENT BY 1 START WITH 41 CACHE 20 NOORDER  NOCYCLE ;
--------------------------------------------------------
--  DDL for Sequence SQ_USUARIO
--------------------------------------------------------

   CREATE SEQUENCE  "TRABAJOTERMINAL"."SQ_USUARIO"  MINVALUE 1 MAXVALUE 1000000000000000000 INCREMENT BY 1 START WITH 138 CACHE 20 NOORDER  NOCYCLE ;
--------------------------------------------------------
--  DDL for Table C_CLASE
--------------------------------------------------------

  CREATE TABLE "TRABAJOTERMINAL"."C_CLASE" 
   (	"ID_CLASE" NUMBER, 
	"DESCRIPCION" VARCHAR2(50 BYTE), 
	"ESTADO" NUMBER
   ) SEGMENT CREATION IMMEDIATE 
  PCTFREE 10 PCTUSED 40 INITRANS 1 MAXTRANS 255 NOCOMPRESS LOGGING
  STORAGE(INITIAL 65536 NEXT 1048576 MINEXTENTS 1 MAXEXTENTS 2147483645
  PCTINCREASE 0 FREELISTS 1 FREELIST GROUPS 1 BUFFER_POOL DEFAULT FLASH_CACHE DEFAULT CELL_FLASH_CACHE DEFAULT)
  TABLESPACE "USERS" ;
--------------------------------------------------------
--  DDL for Table C_TIPO
--------------------------------------------------------

  CREATE TABLE "TRABAJOTERMINAL"."C_TIPO" 
   (	"ID_TIPO" NUMBER, 
	"DESCRIPCION" VARCHAR2(50 BYTE), 
	"ESTADO" NUMBER
   ) SEGMENT CREATION IMMEDIATE 
  PCTFREE 10 PCTUSED 40 INITRANS 1 MAXTRANS 255 NOCOMPRESS LOGGING
  STORAGE(INITIAL 65536 NEXT 1048576 MINEXTENTS 1 MAXEXTENTS 2147483645
  PCTINCREASE 0 FREELISTS 1 FREELIST GROUPS 1 BUFFER_POOL DEFAULT FLASH_CACHE DEFAULT CELL_FLASH_CACHE DEFAULT)
  TABLESPACE "USERS" ;
--------------------------------------------------------
--  DDL for Table T_CUESTIONARIO
--------------------------------------------------------

  CREATE TABLE "TRABAJOTERMINAL"."T_CUESTIONARIO" 
   (	"ID_CUESTIONARIO" NUMBER, 
	"FK_USUARIO" NUMBER, 
	"NOMBRE" VARCHAR2(50 BYTE), 
	"DESCRIPCION" VARCHAR2(200 BYTE), 
	"FECHA_CREACION" DATE, 
	"FECHA_MODIFICACION" DATE, 
	"FECHA_FIN" DATE, 
	"ESTADO" NUMBER, 
	"CONTRASENA" VARCHAR2(100 BYTE)
   ) SEGMENT CREATION IMMEDIATE 
  PCTFREE 10 PCTUSED 40 INITRANS 1 MAXTRANS 255 NOCOMPRESS LOGGING
  STORAGE(INITIAL 65536 NEXT 1048576 MINEXTENTS 1 MAXEXTENTS 2147483645
  PCTINCREASE 0 FREELISTS 1 FREELIST GROUPS 1 BUFFER_POOL DEFAULT FLASH_CACHE DEFAULT CELL_FLASH_CACHE DEFAULT)
  TABLESPACE "USERS" ;
--------------------------------------------------------
--  DDL for Table T_GENERO
--------------------------------------------------------

  CREATE TABLE "TRABAJOTERMINAL"."T_GENERO" 
   (	"ID_GENERO" NUMBER, 
	"DESCRIPCION" VARCHAR2(50 BYTE), 
	"ESTADO" NUMBER
   ) SEGMENT CREATION IMMEDIATE 
  PCTFREE 10 PCTUSED 40 INITRANS 1 MAXTRANS 255 NOCOMPRESS LOGGING
  STORAGE(INITIAL 65536 NEXT 1048576 MINEXTENTS 1 MAXEXTENTS 2147483645
  PCTINCREASE 0 FREELISTS 1 FREELIST GROUPS 1 BUFFER_POOL DEFAULT FLASH_CACHE DEFAULT CELL_FLASH_CACHE DEFAULT)
  TABLESPACE "USERS" ;
--------------------------------------------------------
--  DDL for Table T_OPCION
--------------------------------------------------------

  CREATE TABLE "TRABAJOTERMINAL"."T_OPCION" 
   (	"ID_OPCION" NUMBER, 
	"FK_PREGUNTA" NUMBER, 
	"DESCRIPCION" VARCHAR2(100 BYTE), 
	"ORDEN" NUMBER, 
	"ESTADO" NUMBER
   ) SEGMENT CREATION IMMEDIATE 
  PCTFREE 10 PCTUSED 40 INITRANS 1 MAXTRANS 255 NOCOMPRESS LOGGING
  STORAGE(INITIAL 65536 NEXT 1048576 MINEXTENTS 1 MAXEXTENTS 2147483645
  PCTINCREASE 0 FREELISTS 1 FREELIST GROUPS 1 BUFFER_POOL DEFAULT FLASH_CACHE DEFAULT CELL_FLASH_CACHE DEFAULT)
  TABLESPACE "USERS" ;
--------------------------------------------------------
--  DDL for Table T_PREGUNTA
--------------------------------------------------------

  CREATE TABLE "TRABAJOTERMINAL"."T_PREGUNTA" 
   (	"ID_PREGUNTA" NUMBER, 
	"FK_CUESTIONARIO" NUMBER, 
	"DESCRIPCION" VARCHAR2(200 BYTE), 
	"TIPO" NUMBER, 
	"CLASE" NUMBER, 
	"ESTADO" NUMBER, 
	"ORDEN" NUMBER, 
	"TAMANO" NUMBER, 
	"OBLIGADO" NUMBER, 
	"RANGO" VARCHAR2(50 BYTE)
   ) SEGMENT CREATION IMMEDIATE 
  PCTFREE 10 PCTUSED 40 INITRANS 1 MAXTRANS 255 NOCOMPRESS LOGGING
  STORAGE(INITIAL 65536 NEXT 1048576 MINEXTENTS 1 MAXEXTENTS 2147483645
  PCTINCREASE 0 FREELISTS 1 FREELIST GROUPS 1 BUFFER_POOL DEFAULT FLASH_CACHE DEFAULT CELL_FLASH_CACHE DEFAULT)
  TABLESPACE "USERS" ;
--------------------------------------------------------
--  DDL for Table T_RESPUESTA
--------------------------------------------------------

  CREATE TABLE "TRABAJOTERMINAL"."T_RESPUESTA" 
   (	"ID_RESPUESTA" NUMBER, 
	"FK_PREGUNTA" NUMBER, 
	"FK_USER" NUMBER, 
	"RESPUESTA" VARCHAR2(2000 BYTE)
   ) SEGMENT CREATION IMMEDIATE 
  PCTFREE 10 PCTUSED 40 INITRANS 1 MAXTRANS 255 NOCOMPRESS LOGGING
  STORAGE(INITIAL 65536 NEXT 1048576 MINEXTENTS 1 MAXEXTENTS 2147483645
  PCTINCREASE 0 FREELISTS 1 FREELIST GROUPS 1 BUFFER_POOL DEFAULT FLASH_CACHE DEFAULT CELL_FLASH_CACHE DEFAULT)
  TABLESPACE "USERS" ;
--------------------------------------------------------
--  DDL for Table T_USER
--------------------------------------------------------

  CREATE TABLE "TRABAJOTERMINAL"."T_USER" 
   (	"ID_USER" NUMBER, 
	"FECHA" DATE
   ) SEGMENT CREATION IMMEDIATE 
  PCTFREE 10 PCTUSED 40 INITRANS 1 MAXTRANS 255 NOCOMPRESS LOGGING
  STORAGE(INITIAL 65536 NEXT 1048576 MINEXTENTS 1 MAXEXTENTS 2147483645
  PCTINCREASE 0 FREELISTS 1 FREELIST GROUPS 1 BUFFER_POOL DEFAULT FLASH_CACHE DEFAULT CELL_FLASH_CACHE DEFAULT)
  TABLESPACE "USERS" ;
--------------------------------------------------------
--  DDL for Table T_USUARIO
--------------------------------------------------------

  CREATE TABLE "TRABAJOTERMINAL"."T_USUARIO" 
   (	"PK_USUARIO" NUMBER, 
	"NOMBRE" VARCHAR2(50 BYTE), 
	"APATERNO" VARCHAR2(50 BYTE), 
	"AMATERNO" VARCHAR2(50 BYTE), 
	"CORREO" VARCHAR2(50 BYTE), 
	"CONTRASENA" VARCHAR2(50 BYTE), 
	"ESTADO" NUMBER, 
	"GENERO" NUMBER
   ) SEGMENT CREATION IMMEDIATE 
  PCTFREE 10 PCTUSED 40 INITRANS 1 MAXTRANS 255 NOCOMPRESS LOGGING
  STORAGE(INITIAL 65536 NEXT 1048576 MINEXTENTS 1 MAXEXTENTS 2147483645
  PCTINCREASE 0 FREELISTS 1 FREELIST GROUPS 1 BUFFER_POOL DEFAULT FLASH_CACHE DEFAULT CELL_FLASH_CACHE DEFAULT)
  TABLESPACE "USERS" ;
REM INSERTING into TRABAJOTERMINAL.C_CLASE
SET DEFINE OFF;
Insert into TRABAJOTERMINAL.C_CLASE (ID_CLASE,DESCRIPCION,ESTADO) values (1,'Formulario',1);
Insert into TRABAJOTERMINAL.C_CLASE (ID_CLASE,DESCRIPCION,ESTADO) values (2,'Cuestionario',1);
REM INSERTING into TRABAJOTERMINAL.C_TIPO
SET DEFINE OFF;
Insert into TRABAJOTERMINAL.C_TIPO (ID_TIPO,DESCRIPCION,ESTADO) values (1,'Abierta',1);
Insert into TRABAJOTERMINAL.C_TIPO (ID_TIPO,DESCRIPCION,ESTADO) values (2,'Opción multiple',1);
Insert into TRABAJOTERMINAL.C_TIPO (ID_TIPO,DESCRIPCION,ESTADO) values (3,'Rango',1);
REM INSERTING into TRABAJOTERMINAL.T_CUESTIONARIO
SET DEFINE OFF;
Insert into TRABAJOTERMINAL.T_CUESTIONARIO (ID_CUESTIONARIO,FK_USUARIO,NOMBRE,DESCRIPCION,FECHA_CREACION,FECHA_MODIFICACION,FECHA_FIN,ESTADO,CONTRASENA) values (1,70,'nombre','descripcion',to_date('06/11/18','DD/MM/RR'),to_date('18/11/18','DD/MM/RR'),to_date('10/10/50','DD/MM/RR'),0,null);
Insert into TRABAJOTERMINAL.T_CUESTIONARIO (ID_CUESTIONARIO,FK_USUARIO,NOMBRE,DESCRIPCION,FECHA_CREACION,FECHA_MODIFICACION,FECHA_FIN,ESTADO,CONTRASENA) values (2,70,'nombre','descripcion',to_date('06/11/18','DD/MM/RR'),to_date('02/01/19','DD/MM/RR'),to_date('10/10/50','DD/MM/RR'),0,null);
Insert into TRABAJOTERMINAL.T_CUESTIONARIO (ID_CUESTIONARIO,FK_USUARIO,NOMBRE,DESCRIPCION,FECHA_CREACION,FECHA_MODIFICACION,FECHA_FIN,ESTADO,CONTRASENA) values (3,71,'la','liebre',to_date('06/11/18','DD/MM/RR'),to_date('06/11/18','DD/MM/RR'),to_date('10/10/50','DD/MM/RR'),1,'siveriana');
Insert into TRABAJOTERMINAL.T_CUESTIONARIO (ID_CUESTIONARIO,FK_USUARIO,NOMBRE,DESCRIPCION,FECHA_CREACION,FECHA_MODIFICACION,FECHA_FIN,ESTADO,CONTRASENA) values (41,70,'concensoeditado1','este cuestionario tiene como fin el dialogo',to_date('09/12/18','DD/MM/RR'),to_date('02/01/19','DD/MM/RR'),to_date('18/11/18','DD/MM/RR'),0,'test');
Insert into TRABAJOTERMINAL.T_CUESTIONARIO (ID_CUESTIONARIO,FK_USUARIO,NOMBRE,DESCRIPCION,FECHA_CREACION,FECHA_MODIFICACION,FECHA_FIN,ESTADO,CONTRASENA) values (61,119,'hacho','desc',to_date('28/12/18','DD/MM/RR'),to_date('28/12/18','DD/MM/RR'),to_date('01/10/19','DD/MM/RR'),1,'asd');
Insert into TRABAJOTERMINAL.T_CUESTIONARIO (ID_CUESTIONARIO,FK_USUARIO,NOMBRE,DESCRIPCION,FECHA_CREACION,FECHA_MODIFICACION,FECHA_FIN,ESTADO,CONTRASENA) values (62,119,'hacho','desc',to_date('28/12/18','DD/MM/RR'),to_date('28/12/18','DD/MM/RR'),to_date('29/12/18','DD/MM/RR'),1,'asd');
Insert into TRABAJOTERMINAL.T_CUESTIONARIO (ID_CUESTIONARIO,FK_USUARIO,NOMBRE,DESCRIPCION,FECHA_CREACION,FECHA_MODIFICACION,FECHA_FIN,ESTADO,CONTRASENA) values (83,70,'asdsadsadsadsa','test',to_date('02/01/19','DD/MM/RR'),to_date('27/01/19','DD/MM/RR'),to_date('15/01/19','DD/MM/RR'),0,'clave');
Insert into TRABAJOTERMINAL.T_CUESTIONARIO (ID_CUESTIONARIO,FK_USUARIO,NOMBRE,DESCRIPCION,FECHA_CREACION,FECHA_MODIFICACION,FECHA_FIN,ESTADO,CONTRASENA) values (84,70,'nombre','test',to_date('02/01/19','DD/MM/RR'),to_date('02/01/19','DD/MM/RR'),to_date('16/01/19','DD/MM/RR'),1,'asdasdsadadasd');
Insert into TRABAJOTERMINAL.T_CUESTIONARIO (ID_CUESTIONARIO,FK_USUARIO,NOMBRE,DESCRIPCION,FECHA_CREACION,FECHA_MODIFICACION,FECHA_FIN,ESTADO,CONTRASENA) values (85,70,'nombre','desc',to_date('02/01/19','DD/MM/RR'),to_date('02/01/19','DD/MM/RR'),to_date('15/01/19','DD/MM/RR'),1,'asd');
Insert into TRABAJOTERMINAL.T_CUESTIONARIO (ID_CUESTIONARIO,FK_USUARIO,NOMBRE,DESCRIPCION,FECHA_CREACION,FECHA_MODIFICACION,FECHA_FIN,ESTADO,CONTRASENA) values (86,70,'nombre','asd',to_date('02/01/19','DD/MM/RR'),to_date('02/01/19','DD/MM/RR'),to_date('16/01/19','DD/MM/RR'),1,'asdasdsadadasd');
Insert into TRABAJOTERMINAL.T_CUESTIONARIO (ID_CUESTIONARIO,FK_USUARIO,NOMBRE,DESCRIPCION,FECHA_CREACION,FECHA_MODIFICACION,FECHA_FIN,ESTADO,CONTRASENA) values (22,70,'nombre','desc',to_date('11/11/18','DD/MM/RR'),to_date('02/01/19','DD/MM/RR'),to_date('18/11/18','DD/MM/RR'),0,'clave');
Insert into TRABAJOTERMINAL.T_CUESTIONARIO (ID_CUESTIONARIO,FK_USUARIO,NOMBRE,DESCRIPCION,FECHA_CREACION,FECHA_MODIFICACION,FECHA_FIN,ESTADO,CONTRASENA) values (23,70,'nombre','desc',to_date('11/11/18','DD/MM/RR'),to_date('02/01/19','DD/MM/RR'),to_date('18/11/18','DD/MM/RR'),0,'clave');
Insert into TRABAJOTERMINAL.T_CUESTIONARIO (ID_CUESTIONARIO,FK_USUARIO,NOMBRE,DESCRIPCION,FECHA_CREACION,FECHA_MODIFICACION,FECHA_FIN,ESTADO,CONTRASENA) values (24,70,'nombre','desc',to_date('11/11/18','DD/MM/RR'),to_date('02/01/19','DD/MM/RR'),to_date('25/11/18','DD/MM/RR'),0,'clave');
Insert into TRABAJOTERMINAL.T_CUESTIONARIO (ID_CUESTIONARIO,FK_USUARIO,NOMBRE,DESCRIPCION,FECHA_CREACION,FECHA_MODIFICACION,FECHA_FIN,ESTADO,CONTRASENA) values (25,70,'CUESTIONARIO1','PRUEBA DE UN NUEVO CUESTIONARIO',to_date('11/11/18','DD/MM/RR'),to_date('05/01/19','DD/MM/RR'),to_date('01/08/19','DD/MM/RR'),1,'1');
Insert into TRABAJOTERMINAL.T_CUESTIONARIO (ID_CUESTIONARIO,FK_USUARIO,NOMBRE,DESCRIPCION,FECHA_CREACION,FECHA_MODIFICACION,FECHA_FIN,ESTADO,CONTRASENA) values (26,98,'Censo','Task',to_date('12/11/18','DD/MM/RR'),to_date('12/11/18','DD/MM/RR'),to_date('20/11/18','DD/MM/RR'),1,'A');
Insert into TRABAJOTERMINAL.T_CUESTIONARIO (ID_CUESTIONARIO,FK_USUARIO,NOMBRE,DESCRIPCION,FECHA_CREACION,FECHA_MODIFICACION,FECHA_FIN,ESTADO,CONTRASENA) values (21,70,'alejandro','rosales arzola',to_date('11/11/18','DD/MM/RR'),to_date('11/11/18','DD/MM/RR'),null,0,null);
Insert into TRABAJOTERMINAL.T_CUESTIONARIO (ID_CUESTIONARIO,FK_USUARIO,NOMBRE,DESCRIPCION,FECHA_CREACION,FECHA_MODIFICACION,FECHA_FIN,ESTADO,CONTRASENA) values (81,70,'hacho','asd',to_date('02/01/19','DD/MM/RR'),to_date('02/01/19','DD/MM/RR'),to_date('18/11/18','DD/MM/RR'),0,'asd');
Insert into TRABAJOTERMINAL.T_CUESTIONARIO (ID_CUESTIONARIO,FK_USUARIO,NOMBRE,DESCRIPCION,FECHA_CREACION,FECHA_MODIFICACION,FECHA_FIN,ESTADO,CONTRASENA) values (82,70,'hachiaaatestasdasasdasddasdAaaaaaaaaaaaaaaa','asdaaaaaaaaaaaaaaaaaaaaaaaaaaaaaaaa',to_date('02/01/19','DD/MM/RR'),to_date('05/01/19','DD/MM/RR'),to_date('25/11/18','DD/MM/RR'),1,'clave');
REM INSERTING into TRABAJOTERMINAL.T_GENERO
SET DEFINE OFF;
Insert into TRABAJOTERMINAL.T_GENERO (ID_GENERO,DESCRIPCION,ESTADO) values (1,'MASCULINO',1);
Insert into TRABAJOTERMINAL.T_GENERO (ID_GENERO,DESCRIPCION,ESTADO) values (2,'FEMENINO',1);
REM INSERTING into TRABAJOTERMINAL.T_OPCION
SET DEFINE OFF;
Insert into TRABAJOTERMINAL.T_OPCION (ID_OPCION,FK_PREGUNTA,DESCRIPCION,ORDEN,ESTADO) values (23,31,'texto de prueba',20,0);
Insert into TRABAJOTERMINAL.T_OPCION (ID_OPCION,FK_PREGUNTA,DESCRIPCION,ORDEN,ESTADO) values (24,31,'esta es una nueva',50,1);
Insert into TRABAJOTERMINAL.T_OPCION (ID_OPCION,FK_PREGUNTA,DESCRIPCION,ORDEN,ESTADO) values (61,41,'a que el hachote',1,0);
Insert into TRABAJOTERMINAL.T_OPCION (ID_OPCION,FK_PREGUNTA,DESCRIPCION,ORDEN,ESTADO) values (62,41,'a que el hachote',10,0);
Insert into TRABAJOTERMINAL.T_OPCION (ID_OPCION,FK_PREGUNTA,DESCRIPCION,ORDEN,ESTADO) values (63,41,'a que el hachote del edo',1,0);
Insert into TRABAJOTERMINAL.T_OPCION (ID_OPCION,FK_PREGUNTA,DESCRIPCION,ORDEN,ESTADO) values (2,31,'a que el hachito',10,1);
Insert into TRABAJOTERMINAL.T_OPCION (ID_OPCION,FK_PREGUNTA,DESCRIPCION,ORDEN,ESTADO) values (21,31,'11',1,0);
Insert into TRABAJOTERMINAL.T_OPCION (ID_OPCION,FK_PREGUNTA,DESCRIPCION,ORDEN,ESTADO) values (22,31,'hachito',2,1);
Insert into TRABAJOTERMINAL.T_OPCION (ID_OPCION,FK_PREGUNTA,DESCRIPCION,ORDEN,ESTADO) values (41,61,'a',2,1);
Insert into TRABAJOTERMINAL.T_OPCION (ID_OPCION,FK_PREGUNTA,DESCRIPCION,ORDEN,ESTADO) values (42,61,'b',10,1);
Insert into TRABAJOTERMINAL.T_OPCION (ID_OPCION,FK_PREGUNTA,DESCRIPCION,ORDEN,ESTADO) values (83,101,'ASD',1,1);
Insert into TRABAJOTERMINAL.T_OPCION (ID_OPCION,FK_PREGUNTA,DESCRIPCION,ORDEN,ESTADO) values (84,101,'ASD11',3,1);
Insert into TRABAJOTERMINAL.T_OPCION (ID_OPCION,FK_PREGUNTA,DESCRIPCION,ORDEN,ESTADO) values (1,31,'1 >20',10,1);
Insert into TRABAJOTERMINAL.T_OPCION (ID_OPCION,FK_PREGUNTA,DESCRIPCION,ORDEN,ESTADO) values (64,41,'el valor es de uno',1,1);
Insert into TRABAJOTERMINAL.T_OPCION (ID_OPCION,FK_PREGUNTA,DESCRIPCION,ORDEN,ESTADO) values (65,41,'el valor es de 2',2,1);
Insert into TRABAJOTERMINAL.T_OPCION (ID_OPCION,FK_PREGUNTA,DESCRIPCION,ORDEN,ESTADO) values (81,33,'testa',1,1);
Insert into TRABAJOTERMINAL.T_OPCION (ID_OPCION,FK_PREGUNTA,DESCRIPCION,ORDEN,ESTADO) values (82,33,'testa2',2,1);
REM INSERTING into TRABAJOTERMINAL.T_PREGUNTA
SET DEFINE OFF;
Insert into TRABAJOTERMINAL.T_PREGUNTA (ID_PREGUNTA,FK_CUESTIONARIO,DESCRIPCION,TIPO,CLASE,ESTADO,ORDEN,TAMANO,OBLIGADO,RANGO) values (81,25,'prueba 1 cuestionario',3,1,1,1,50,1,'80,500');
Insert into TRABAJOTERMINAL.T_PREGUNTA (ID_PREGUNTA,FK_CUESTIONARIO,DESCRIPCION,TIPO,CLASE,ESTADO,ORDEN,TAMANO,OBLIGADO,RANGO) values (34,25,'test conf',1,1,1,10,100,1,'1,10');
Insert into TRABAJOTERMINAL.T_PREGUNTA (ID_PREGUNTA,FK_CUESTIONARIO,DESCRIPCION,TIPO,CLASE,ESTADO,ORDEN,TAMANO,OBLIGADO,RANGO) values (35,25,'a que el hacho',3,1,1,5,50,1,'5,15');
Insert into TRABAJOTERMINAL.T_PREGUNTA (ID_PREGUNTA,FK_CUESTIONARIO,DESCRIPCION,TIPO,CLASE,ESTADO,ORDEN,TAMANO,OBLIGADO,RANGO) values (101,25,'ASD',2,2,1,2,50,0,'1,10');
Insert into TRABAJOTERMINAL.T_PREGUNTA (ID_PREGUNTA,FK_CUESTIONARIO,DESCRIPCION,TIPO,CLASE,ESTADO,ORDEN,TAMANO,OBLIGADO,RANGO) values (41,25,'a que el hacho',2,2,1,10,50,1,'1,10');
Insert into TRABAJOTERMINAL.T_PREGUNTA (ID_PREGUNTA,FK_CUESTIONARIO,DESCRIPCION,TIPO,CLASE,ESTADO,ORDEN,TAMANO,OBLIGADO,RANGO) values (61,61,'a que el hacho',2,1,1,1,50,0,'1,10');
Insert into TRABAJOTERMINAL.T_PREGUNTA (ID_PREGUNTA,FK_CUESTIONARIO,DESCRIPCION,TIPO,CLASE,ESTADO,ORDEN,TAMANO,OBLIGADO,RANGO) values (31,25,'e',2,1,1,45,50,0,'1,10');
Insert into TRABAJOTERMINAL.T_PREGUNTA (ID_PREGUNTA,FK_CUESTIONARIO,DESCRIPCION,TIPO,CLASE,ESTADO,ORDEN,TAMANO,OBLIGADO,RANGO) values (33,25,'a que el hacho',2,1,1,50,50,1,'1,10');
REM INSERTING into TRABAJOTERMINAL.T_RESPUESTA
SET DEFINE OFF;
Insert into TRABAJOTERMINAL.T_RESPUESTA (ID_RESPUESTA,FK_PREGUNTA,FK_USER,RESPUESTA) values (1,81,4,'273');
Insert into TRABAJOTERMINAL.T_RESPUESTA (ID_RESPUESTA,FK_PREGUNTA,FK_USER,RESPUESTA) values (2,35,4,'5');
Insert into TRABAJOTERMINAL.T_RESPUESTA (ID_RESPUESTA,FK_PREGUNTA,FK_USER,RESPUESTA) values (3,34,4,'S');
Insert into TRABAJOTERMINAL.T_RESPUESTA (ID_RESPUESTA,FK_PREGUNTA,FK_USER,RESPUESTA) values (4,31,4,'22');
Insert into TRABAJOTERMINAL.T_RESPUESTA (ID_RESPUESTA,FK_PREGUNTA,FK_USER,RESPUESTA) values (5,33,4,'81');
Insert into TRABAJOTERMINAL.T_RESPUESTA (ID_RESPUESTA,FK_PREGUNTA,FK_USER,RESPUESTA) values (6,101,4,'83');
Insert into TRABAJOTERMINAL.T_RESPUESTA (ID_RESPUESTA,FK_PREGUNTA,FK_USER,RESPUESTA) values (7,41,4,'64');
Insert into TRABAJOTERMINAL.T_RESPUESTA (ID_RESPUESTA,FK_PREGUNTA,FK_USER,RESPUESTA) values (8,81,5,'273');
Insert into TRABAJOTERMINAL.T_RESPUESTA (ID_RESPUESTA,FK_PREGUNTA,FK_USER,RESPUESTA) values (9,35,5,'5');
Insert into TRABAJOTERMINAL.T_RESPUESTA (ID_RESPUESTA,FK_PREGUNTA,FK_USER,RESPUESTA) values (10,34,5,'S');
Insert into TRABAJOTERMINAL.T_RESPUESTA (ID_RESPUESTA,FK_PREGUNTA,FK_USER,RESPUESTA) values (11,31,5,'22');
Insert into TRABAJOTERMINAL.T_RESPUESTA (ID_RESPUESTA,FK_PREGUNTA,FK_USER,RESPUESTA) values (12,33,5,'81');
Insert into TRABAJOTERMINAL.T_RESPUESTA (ID_RESPUESTA,FK_PREGUNTA,FK_USER,RESPUESTA) values (13,101,5,'83');
Insert into TRABAJOTERMINAL.T_RESPUESTA (ID_RESPUESTA,FK_PREGUNTA,FK_USER,RESPUESTA) values (14,41,5,'64');
Insert into TRABAJOTERMINAL.T_RESPUESTA (ID_RESPUESTA,FK_PREGUNTA,FK_USER,RESPUESTA) values (15,81,6,'168');
Insert into TRABAJOTERMINAL.T_RESPUESTA (ID_RESPUESTA,FK_PREGUNTA,FK_USER,RESPUESTA) values (16,35,6,'7');
Insert into TRABAJOTERMINAL.T_RESPUESTA (ID_RESPUESTA,FK_PREGUNTA,FK_USER,RESPUESTA) values (17,34,6,'123');
Insert into TRABAJOTERMINAL.T_RESPUESTA (ID_RESPUESTA,FK_PREGUNTA,FK_USER,RESPUESTA) values (18,31,6,'22');
Insert into TRABAJOTERMINAL.T_RESPUESTA (ID_RESPUESTA,FK_PREGUNTA,FK_USER,RESPUESTA) values (19,33,6,'81');
Insert into TRABAJOTERMINAL.T_RESPUESTA (ID_RESPUESTA,FK_PREGUNTA,FK_USER,RESPUESTA) values (20,101,6,'83');
Insert into TRABAJOTERMINAL.T_RESPUESTA (ID_RESPUESTA,FK_PREGUNTA,FK_USER,RESPUESTA) values (21,41,6,'64');
Insert into TRABAJOTERMINAL.T_RESPUESTA (ID_RESPUESTA,FK_PREGUNTA,FK_USER,RESPUESTA) values (22,81,7,'145');
Insert into TRABAJOTERMINAL.T_RESPUESTA (ID_RESPUESTA,FK_PREGUNTA,FK_USER,RESPUESTA) values (23,35,7,'6');
Insert into TRABAJOTERMINAL.T_RESPUESTA (ID_RESPUESTA,FK_PREGUNTA,FK_USER,RESPUESTA) values (24,34,7,'asd');
Insert into TRABAJOTERMINAL.T_RESPUESTA (ID_RESPUESTA,FK_PREGUNTA,FK_USER,RESPUESTA) values (25,31,7,'22');
Insert into TRABAJOTERMINAL.T_RESPUESTA (ID_RESPUESTA,FK_PREGUNTA,FK_USER,RESPUESTA) values (26,33,7,'81');
Insert into TRABAJOTERMINAL.T_RESPUESTA (ID_RESPUESTA,FK_PREGUNTA,FK_USER,RESPUESTA) values (27,101,7,'83');
Insert into TRABAJOTERMINAL.T_RESPUESTA (ID_RESPUESTA,FK_PREGUNTA,FK_USER,RESPUESTA) values (28,41,7,'64');
Insert into TRABAJOTERMINAL.T_RESPUESTA (ID_RESPUESTA,FK_PREGUNTA,FK_USER,RESPUESTA) values (29,81,8,'120');
Insert into TRABAJOTERMINAL.T_RESPUESTA (ID_RESPUESTA,FK_PREGUNTA,FK_USER,RESPUESTA) values (30,35,8,'8');
Insert into TRABAJOTERMINAL.T_RESPUESTA (ID_RESPUESTA,FK_PREGUNTA,FK_USER,RESPUESTA) values (31,34,8,'asd');
Insert into TRABAJOTERMINAL.T_RESPUESTA (ID_RESPUESTA,FK_PREGUNTA,FK_USER,RESPUESTA) values (32,31,8,'22');
Insert into TRABAJOTERMINAL.T_RESPUESTA (ID_RESPUESTA,FK_PREGUNTA,FK_USER,RESPUESTA) values (33,33,8,'81');
Insert into TRABAJOTERMINAL.T_RESPUESTA (ID_RESPUESTA,FK_PREGUNTA,FK_USER,RESPUESTA) values (34,101,8,'83');
Insert into TRABAJOTERMINAL.T_RESPUESTA (ID_RESPUESTA,FK_PREGUNTA,FK_USER,RESPUESTA) values (35,41,8,'64');
Insert into TRABAJOTERMINAL.T_RESPUESTA (ID_RESPUESTA,FK_PREGUNTA,FK_USER,RESPUESTA) values (36,81,9,'120');
Insert into TRABAJOTERMINAL.T_RESPUESTA (ID_RESPUESTA,FK_PREGUNTA,FK_USER,RESPUESTA) values (37,35,9,'8');
Insert into TRABAJOTERMINAL.T_RESPUESTA (ID_RESPUESTA,FK_PREGUNTA,FK_USER,RESPUESTA) values (38,34,9,'asd');
Insert into TRABAJOTERMINAL.T_RESPUESTA (ID_RESPUESTA,FK_PREGUNTA,FK_USER,RESPUESTA) values (39,31,9,'22');
Insert into TRABAJOTERMINAL.T_RESPUESTA (ID_RESPUESTA,FK_PREGUNTA,FK_USER,RESPUESTA) values (40,33,9,'81');
Insert into TRABAJOTERMINAL.T_RESPUESTA (ID_RESPUESTA,FK_PREGUNTA,FK_USER,RESPUESTA) values (41,101,9,'83');
Insert into TRABAJOTERMINAL.T_RESPUESTA (ID_RESPUESTA,FK_PREGUNTA,FK_USER,RESPUESTA) values (42,41,9,'64');
Insert into TRABAJOTERMINAL.T_RESPUESTA (ID_RESPUESTA,FK_PREGUNTA,FK_USER,RESPUESTA) values (43,81,10,'80');
Insert into TRABAJOTERMINAL.T_RESPUESTA (ID_RESPUESTA,FK_PREGUNTA,FK_USER,RESPUESTA) values (44,35,10,'5');
Insert into TRABAJOTERMINAL.T_RESPUESTA (ID_RESPUESTA,FK_PREGUNTA,FK_USER,RESPUESTA) values (45,34,10,'asd');
Insert into TRABAJOTERMINAL.T_RESPUESTA (ID_RESPUESTA,FK_PREGUNTA,FK_USER,RESPUESTA) values (46,31,10,'22');
Insert into TRABAJOTERMINAL.T_RESPUESTA (ID_RESPUESTA,FK_PREGUNTA,FK_USER,RESPUESTA) values (47,33,10,'81');
Insert into TRABAJOTERMINAL.T_RESPUESTA (ID_RESPUESTA,FK_PREGUNTA,FK_USER,RESPUESTA) values (48,101,10,'83');
Insert into TRABAJOTERMINAL.T_RESPUESTA (ID_RESPUESTA,FK_PREGUNTA,FK_USER,RESPUESTA) values (49,41,10,'64');
Insert into TRABAJOTERMINAL.T_RESPUESTA (ID_RESPUESTA,FK_PREGUNTA,FK_USER,RESPUESTA) values (50,81,11,'80');
Insert into TRABAJOTERMINAL.T_RESPUESTA (ID_RESPUESTA,FK_PREGUNTA,FK_USER,RESPUESTA) values (51,35,11,'5');
Insert into TRABAJOTERMINAL.T_RESPUESTA (ID_RESPUESTA,FK_PREGUNTA,FK_USER,RESPUESTA) values (52,34,11,'asd');
Insert into TRABAJOTERMINAL.T_RESPUESTA (ID_RESPUESTA,FK_PREGUNTA,FK_USER,RESPUESTA) values (53,31,11,'22');
Insert into TRABAJOTERMINAL.T_RESPUESTA (ID_RESPUESTA,FK_PREGUNTA,FK_USER,RESPUESTA) values (54,33,11,'81');
Insert into TRABAJOTERMINAL.T_RESPUESTA (ID_RESPUESTA,FK_PREGUNTA,FK_USER,RESPUESTA) values (55,101,11,'83');
Insert into TRABAJOTERMINAL.T_RESPUESTA (ID_RESPUESTA,FK_PREGUNTA,FK_USER,RESPUESTA) values (56,41,11,'64');
Insert into TRABAJOTERMINAL.T_RESPUESTA (ID_RESPUESTA,FK_PREGUNTA,FK_USER,RESPUESTA) values (57,81,12,'80');
Insert into TRABAJOTERMINAL.T_RESPUESTA (ID_RESPUESTA,FK_PREGUNTA,FK_USER,RESPUESTA) values (58,35,12,'5');
Insert into TRABAJOTERMINAL.T_RESPUESTA (ID_RESPUESTA,FK_PREGUNTA,FK_USER,RESPUESTA) values (59,34,12,'asd');
Insert into TRABAJOTERMINAL.T_RESPUESTA (ID_RESPUESTA,FK_PREGUNTA,FK_USER,RESPUESTA) values (60,31,12,'22');
Insert into TRABAJOTERMINAL.T_RESPUESTA (ID_RESPUESTA,FK_PREGUNTA,FK_USER,RESPUESTA) values (61,33,12,'81');
Insert into TRABAJOTERMINAL.T_RESPUESTA (ID_RESPUESTA,FK_PREGUNTA,FK_USER,RESPUESTA) values (62,101,12,'83');
Insert into TRABAJOTERMINAL.T_RESPUESTA (ID_RESPUESTA,FK_PREGUNTA,FK_USER,RESPUESTA) values (63,41,12,'64');
Insert into TRABAJOTERMINAL.T_RESPUESTA (ID_RESPUESTA,FK_PREGUNTA,FK_USER,RESPUESTA) values (64,81,13,'80');
Insert into TRABAJOTERMINAL.T_RESPUESTA (ID_RESPUESTA,FK_PREGUNTA,FK_USER,RESPUESTA) values (65,35,13,'5');
Insert into TRABAJOTERMINAL.T_RESPUESTA (ID_RESPUESTA,FK_PREGUNTA,FK_USER,RESPUESTA) values (66,34,13,'asd');
Insert into TRABAJOTERMINAL.T_RESPUESTA (ID_RESPUESTA,FK_PREGUNTA,FK_USER,RESPUESTA) values (67,31,13,'22');
Insert into TRABAJOTERMINAL.T_RESPUESTA (ID_RESPUESTA,FK_PREGUNTA,FK_USER,RESPUESTA) values (68,33,13,'81');
Insert into TRABAJOTERMINAL.T_RESPUESTA (ID_RESPUESTA,FK_PREGUNTA,FK_USER,RESPUESTA) values (69,101,13,'83');
Insert into TRABAJOTERMINAL.T_RESPUESTA (ID_RESPUESTA,FK_PREGUNTA,FK_USER,RESPUESTA) values (70,41,13,'64');
Insert into TRABAJOTERMINAL.T_RESPUESTA (ID_RESPUESTA,FK_PREGUNTA,FK_USER,RESPUESTA) values (71,81,14,'80');
Insert into TRABAJOTERMINAL.T_RESPUESTA (ID_RESPUESTA,FK_PREGUNTA,FK_USER,RESPUESTA) values (72,35,14,'5');
Insert into TRABAJOTERMINAL.T_RESPUESTA (ID_RESPUESTA,FK_PREGUNTA,FK_USER,RESPUESTA) values (73,34,14,'asd');
Insert into TRABAJOTERMINAL.T_RESPUESTA (ID_RESPUESTA,FK_PREGUNTA,FK_USER,RESPUESTA) values (74,31,14,'22');
Insert into TRABAJOTERMINAL.T_RESPUESTA (ID_RESPUESTA,FK_PREGUNTA,FK_USER,RESPUESTA) values (75,33,14,'81');
Insert into TRABAJOTERMINAL.T_RESPUESTA (ID_RESPUESTA,FK_PREGUNTA,FK_USER,RESPUESTA) values (76,101,14,'83');
Insert into TRABAJOTERMINAL.T_RESPUESTA (ID_RESPUESTA,FK_PREGUNTA,FK_USER,RESPUESTA) values (77,41,14,'64');
Insert into TRABAJOTERMINAL.T_RESPUESTA (ID_RESPUESTA,FK_PREGUNTA,FK_USER,RESPUESTA) values (78,81,15,'80');
Insert into TRABAJOTERMINAL.T_RESPUESTA (ID_RESPUESTA,FK_PREGUNTA,FK_USER,RESPUESTA) values (79,35,15,'5');
Insert into TRABAJOTERMINAL.T_RESPUESTA (ID_RESPUESTA,FK_PREGUNTA,FK_USER,RESPUESTA) values (80,34,15,'asd');
Insert into TRABAJOTERMINAL.T_RESPUESTA (ID_RESPUESTA,FK_PREGUNTA,FK_USER,RESPUESTA) values (81,31,15,'22');
Insert into TRABAJOTERMINAL.T_RESPUESTA (ID_RESPUESTA,FK_PREGUNTA,FK_USER,RESPUESTA) values (82,33,15,'81');
Insert into TRABAJOTERMINAL.T_RESPUESTA (ID_RESPUESTA,FK_PREGUNTA,FK_USER,RESPUESTA) values (83,101,15,'83');
Insert into TRABAJOTERMINAL.T_RESPUESTA (ID_RESPUESTA,FK_PREGUNTA,FK_USER,RESPUESTA) values (84,41,15,'64');
Insert into TRABAJOTERMINAL.T_RESPUESTA (ID_RESPUESTA,FK_PREGUNTA,FK_USER,RESPUESTA) values (85,81,16,'80');
Insert into TRABAJOTERMINAL.T_RESPUESTA (ID_RESPUESTA,FK_PREGUNTA,FK_USER,RESPUESTA) values (86,35,16,'5');
Insert into TRABAJOTERMINAL.T_RESPUESTA (ID_RESPUESTA,FK_PREGUNTA,FK_USER,RESPUESTA) values (87,34,16,'asd');
Insert into TRABAJOTERMINAL.T_RESPUESTA (ID_RESPUESTA,FK_PREGUNTA,FK_USER,RESPUESTA) values (88,31,16,'22');
Insert into TRABAJOTERMINAL.T_RESPUESTA (ID_RESPUESTA,FK_PREGUNTA,FK_USER,RESPUESTA) values (89,33,16,'81');
Insert into TRABAJOTERMINAL.T_RESPUESTA (ID_RESPUESTA,FK_PREGUNTA,FK_USER,RESPUESTA) values (90,101,16,'83');
Insert into TRABAJOTERMINAL.T_RESPUESTA (ID_RESPUESTA,FK_PREGUNTA,FK_USER,RESPUESTA) values (91,41,16,'64');
Insert into TRABAJOTERMINAL.T_RESPUESTA (ID_RESPUESTA,FK_PREGUNTA,FK_USER,RESPUESTA) values (92,81,17,'80');
Insert into TRABAJOTERMINAL.T_RESPUESTA (ID_RESPUESTA,FK_PREGUNTA,FK_USER,RESPUESTA) values (93,35,17,'5');
Insert into TRABAJOTERMINAL.T_RESPUESTA (ID_RESPUESTA,FK_PREGUNTA,FK_USER,RESPUESTA) values (94,34,17,'asd');
Insert into TRABAJOTERMINAL.T_RESPUESTA (ID_RESPUESTA,FK_PREGUNTA,FK_USER,RESPUESTA) values (95,31,17,'22');
Insert into TRABAJOTERMINAL.T_RESPUESTA (ID_RESPUESTA,FK_PREGUNTA,FK_USER,RESPUESTA) values (96,33,17,'81');
Insert into TRABAJOTERMINAL.T_RESPUESTA (ID_RESPUESTA,FK_PREGUNTA,FK_USER,RESPUESTA) values (97,101,17,'83');
Insert into TRABAJOTERMINAL.T_RESPUESTA (ID_RESPUESTA,FK_PREGUNTA,FK_USER,RESPUESTA) values (98,41,17,'64');
Insert into TRABAJOTERMINAL.T_RESPUESTA (ID_RESPUESTA,FK_PREGUNTA,FK_USER,RESPUESTA) values (99,81,18,'80');
Insert into TRABAJOTERMINAL.T_RESPUESTA (ID_RESPUESTA,FK_PREGUNTA,FK_USER,RESPUESTA) values (100,35,18,'5');
Insert into TRABAJOTERMINAL.T_RESPUESTA (ID_RESPUESTA,FK_PREGUNTA,FK_USER,RESPUESTA) values (101,34,18,'asd');
Insert into TRABAJOTERMINAL.T_RESPUESTA (ID_RESPUESTA,FK_PREGUNTA,FK_USER,RESPUESTA) values (102,31,18,'22');
Insert into TRABAJOTERMINAL.T_RESPUESTA (ID_RESPUESTA,FK_PREGUNTA,FK_USER,RESPUESTA) values (103,33,18,'81');
Insert into TRABAJOTERMINAL.T_RESPUESTA (ID_RESPUESTA,FK_PREGUNTA,FK_USER,RESPUESTA) values (104,101,18,'83');
Insert into TRABAJOTERMINAL.T_RESPUESTA (ID_RESPUESTA,FK_PREGUNTA,FK_USER,RESPUESTA) values (105,41,18,'64');
Insert into TRABAJOTERMINAL.T_RESPUESTA (ID_RESPUESTA,FK_PREGUNTA,FK_USER,RESPUESTA) values (106,81,19,'80');
Insert into TRABAJOTERMINAL.T_RESPUESTA (ID_RESPUESTA,FK_PREGUNTA,FK_USER,RESPUESTA) values (107,35,19,'5');
Insert into TRABAJOTERMINAL.T_RESPUESTA (ID_RESPUESTA,FK_PREGUNTA,FK_USER,RESPUESTA) values (108,34,19,'asd');
Insert into TRABAJOTERMINAL.T_RESPUESTA (ID_RESPUESTA,FK_PREGUNTA,FK_USER,RESPUESTA) values (109,31,19,'22');
Insert into TRABAJOTERMINAL.T_RESPUESTA (ID_RESPUESTA,FK_PREGUNTA,FK_USER,RESPUESTA) values (110,33,19,'81');
Insert into TRABAJOTERMINAL.T_RESPUESTA (ID_RESPUESTA,FK_PREGUNTA,FK_USER,RESPUESTA) values (111,101,19,'83');
Insert into TRABAJOTERMINAL.T_RESPUESTA (ID_RESPUESTA,FK_PREGUNTA,FK_USER,RESPUESTA) values (112,41,19,'64');
Insert into TRABAJOTERMINAL.T_RESPUESTA (ID_RESPUESTA,FK_PREGUNTA,FK_USER,RESPUESTA) values (113,81,20,'80');
Insert into TRABAJOTERMINAL.T_RESPUESTA (ID_RESPUESTA,FK_PREGUNTA,FK_USER,RESPUESTA) values (114,35,20,'5');
Insert into TRABAJOTERMINAL.T_RESPUESTA (ID_RESPUESTA,FK_PREGUNTA,FK_USER,RESPUESTA) values (115,34,20,'asd');
Insert into TRABAJOTERMINAL.T_RESPUESTA (ID_RESPUESTA,FK_PREGUNTA,FK_USER,RESPUESTA) values (116,31,20,'22');
Insert into TRABAJOTERMINAL.T_RESPUESTA (ID_RESPUESTA,FK_PREGUNTA,FK_USER,RESPUESTA) values (117,33,20,'81');
Insert into TRABAJOTERMINAL.T_RESPUESTA (ID_RESPUESTA,FK_PREGUNTA,FK_USER,RESPUESTA) values (118,101,20,'83');
Insert into TRABAJOTERMINAL.T_RESPUESTA (ID_RESPUESTA,FK_PREGUNTA,FK_USER,RESPUESTA) values (119,41,20,'64');
Insert into TRABAJOTERMINAL.T_RESPUESTA (ID_RESPUESTA,FK_PREGUNTA,FK_USER,RESPUESTA) values (120,81,21,'80');
Insert into TRABAJOTERMINAL.T_RESPUESTA (ID_RESPUESTA,FK_PREGUNTA,FK_USER,RESPUESTA) values (121,35,21,'5');
Insert into TRABAJOTERMINAL.T_RESPUESTA (ID_RESPUESTA,FK_PREGUNTA,FK_USER,RESPUESTA) values (122,34,21,'asd');
Insert into TRABAJOTERMINAL.T_RESPUESTA (ID_RESPUESTA,FK_PREGUNTA,FK_USER,RESPUESTA) values (123,31,21,'22');
Insert into TRABAJOTERMINAL.T_RESPUESTA (ID_RESPUESTA,FK_PREGUNTA,FK_USER,RESPUESTA) values (124,33,21,'81');
Insert into TRABAJOTERMINAL.T_RESPUESTA (ID_RESPUESTA,FK_PREGUNTA,FK_USER,RESPUESTA) values (125,101,21,'83');
Insert into TRABAJOTERMINAL.T_RESPUESTA (ID_RESPUESTA,FK_PREGUNTA,FK_USER,RESPUESTA) values (126,41,21,'64');
Insert into TRABAJOTERMINAL.T_RESPUESTA (ID_RESPUESTA,FK_PREGUNTA,FK_USER,RESPUESTA) values (127,81,22,'80');
Insert into TRABAJOTERMINAL.T_RESPUESTA (ID_RESPUESTA,FK_PREGUNTA,FK_USER,RESPUESTA) values (128,35,22,'5');
Insert into TRABAJOTERMINAL.T_RESPUESTA (ID_RESPUESTA,FK_PREGUNTA,FK_USER,RESPUESTA) values (129,34,22,'asd');
Insert into TRABAJOTERMINAL.T_RESPUESTA (ID_RESPUESTA,FK_PREGUNTA,FK_USER,RESPUESTA) values (130,31,22,'22');
Insert into TRABAJOTERMINAL.T_RESPUESTA (ID_RESPUESTA,FK_PREGUNTA,FK_USER,RESPUESTA) values (131,33,22,'81');
Insert into TRABAJOTERMINAL.T_RESPUESTA (ID_RESPUESTA,FK_PREGUNTA,FK_USER,RESPUESTA) values (132,101,22,'83');
Insert into TRABAJOTERMINAL.T_RESPUESTA (ID_RESPUESTA,FK_PREGUNTA,FK_USER,RESPUESTA) values (133,41,22,'64');
Insert into TRABAJOTERMINAL.T_RESPUESTA (ID_RESPUESTA,FK_PREGUNTA,FK_USER,RESPUESTA) values (134,81,23,'80');
Insert into TRABAJOTERMINAL.T_RESPUESTA (ID_RESPUESTA,FK_PREGUNTA,FK_USER,RESPUESTA) values (135,35,23,'5');
Insert into TRABAJOTERMINAL.T_RESPUESTA (ID_RESPUESTA,FK_PREGUNTA,FK_USER,RESPUESTA) values (136,34,23,'asd');
Insert into TRABAJOTERMINAL.T_RESPUESTA (ID_RESPUESTA,FK_PREGUNTA,FK_USER,RESPUESTA) values (137,31,23,'22');
Insert into TRABAJOTERMINAL.T_RESPUESTA (ID_RESPUESTA,FK_PREGUNTA,FK_USER,RESPUESTA) values (138,33,23,'81');
Insert into TRABAJOTERMINAL.T_RESPUESTA (ID_RESPUESTA,FK_PREGUNTA,FK_USER,RESPUESTA) values (139,101,23,'83');
Insert into TRABAJOTERMINAL.T_RESPUESTA (ID_RESPUESTA,FK_PREGUNTA,FK_USER,RESPUESTA) values (140,41,23,'64');
Insert into TRABAJOTERMINAL.T_RESPUESTA (ID_RESPUESTA,FK_PREGUNTA,FK_USER,RESPUESTA) values (141,81,24,'80');
Insert into TRABAJOTERMINAL.T_RESPUESTA (ID_RESPUESTA,FK_PREGUNTA,FK_USER,RESPUESTA) values (142,35,24,'5');
Insert into TRABAJOTERMINAL.T_RESPUESTA (ID_RESPUESTA,FK_PREGUNTA,FK_USER,RESPUESTA) values (143,34,24,'asd');
Insert into TRABAJOTERMINAL.T_RESPUESTA (ID_RESPUESTA,FK_PREGUNTA,FK_USER,RESPUESTA) values (144,31,24,'22');
Insert into TRABAJOTERMINAL.T_RESPUESTA (ID_RESPUESTA,FK_PREGUNTA,FK_USER,RESPUESTA) values (145,33,24,'81');
Insert into TRABAJOTERMINAL.T_RESPUESTA (ID_RESPUESTA,FK_PREGUNTA,FK_USER,RESPUESTA) values (146,101,24,'83');
Insert into TRABAJOTERMINAL.T_RESPUESTA (ID_RESPUESTA,FK_PREGUNTA,FK_USER,RESPUESTA) values (147,41,24,'64');
REM INSERTING into TRABAJOTERMINAL.T_USER
SET DEFINE OFF;
Insert into TRABAJOTERMINAL.T_USER (ID_USER,FECHA) values (25,to_date('09/02/19','DD/MM/RR'));
Insert into TRABAJOTERMINAL.T_USER (ID_USER,FECHA) values (26,to_date('09/02/19','DD/MM/RR'));
Insert into TRABAJOTERMINAL.T_USER (ID_USER,FECHA) values (1,to_date('09/02/19','DD/MM/RR'));
Insert into TRABAJOTERMINAL.T_USER (ID_USER,FECHA) values (2,to_date('09/02/19','DD/MM/RR'));
Insert into TRABAJOTERMINAL.T_USER (ID_USER,FECHA) values (3,to_date('09/02/19','DD/MM/RR'));
Insert into TRABAJOTERMINAL.T_USER (ID_USER,FECHA) values (4,to_date('09/02/19','DD/MM/RR'));
Insert into TRABAJOTERMINAL.T_USER (ID_USER,FECHA) values (5,to_date('09/02/19','DD/MM/RR'));
Insert into TRABAJOTERMINAL.T_USER (ID_USER,FECHA) values (6,to_date('09/02/19','DD/MM/RR'));
Insert into TRABAJOTERMINAL.T_USER (ID_USER,FECHA) values (7,to_date('09/02/19','DD/MM/RR'));
Insert into TRABAJOTERMINAL.T_USER (ID_USER,FECHA) values (8,to_date('09/02/19','DD/MM/RR'));
Insert into TRABAJOTERMINAL.T_USER (ID_USER,FECHA) values (9,to_date('09/02/19','DD/MM/RR'));
Insert into TRABAJOTERMINAL.T_USER (ID_USER,FECHA) values (10,to_date('09/02/19','DD/MM/RR'));
Insert into TRABAJOTERMINAL.T_USER (ID_USER,FECHA) values (11,to_date('09/02/19','DD/MM/RR'));
Insert into TRABAJOTERMINAL.T_USER (ID_USER,FECHA) values (12,to_date('09/02/19','DD/MM/RR'));
Insert into TRABAJOTERMINAL.T_USER (ID_USER,FECHA) values (13,to_date('09/02/19','DD/MM/RR'));
Insert into TRABAJOTERMINAL.T_USER (ID_USER,FECHA) values (14,to_date('09/02/19','DD/MM/RR'));
Insert into TRABAJOTERMINAL.T_USER (ID_USER,FECHA) values (15,to_date('09/02/19','DD/MM/RR'));
Insert into TRABAJOTERMINAL.T_USER (ID_USER,FECHA) values (16,to_date('09/02/19','DD/MM/RR'));
Insert into TRABAJOTERMINAL.T_USER (ID_USER,FECHA) values (17,to_date('09/02/19','DD/MM/RR'));
Insert into TRABAJOTERMINAL.T_USER (ID_USER,FECHA) values (18,to_date('09/02/19','DD/MM/RR'));
Insert into TRABAJOTERMINAL.T_USER (ID_USER,FECHA) values (19,to_date('09/02/19','DD/MM/RR'));
Insert into TRABAJOTERMINAL.T_USER (ID_USER,FECHA) values (20,to_date('09/02/19','DD/MM/RR'));
Insert into TRABAJOTERMINAL.T_USER (ID_USER,FECHA) values (21,to_date('09/02/19','DD/MM/RR'));
Insert into TRABAJOTERMINAL.T_USER (ID_USER,FECHA) values (22,to_date('09/02/19','DD/MM/RR'));
Insert into TRABAJOTERMINAL.T_USER (ID_USER,FECHA) values (23,to_date('09/02/19','DD/MM/RR'));
Insert into TRABAJOTERMINAL.T_USER (ID_USER,FECHA) values (24,to_date('09/02/19','DD/MM/RR'));
REM INSERTING into TRABAJOTERMINAL.T_USUARIO
SET DEFINE OFF;
Insert into TRABAJOTERMINAL.T_USUARIO (PK_USUARIO,NOMBRE,APATERNO,AMATERNO,CORREO,CONTRASENA,ESTADO,GENERO) values (41,'Alejandro','Rosales','Arzola','asdasdasd','Aa019972',1,1);
Insert into TRABAJOTERMINAL.T_USUARIO (PK_USUARIO,NOMBRE,APATERNO,AMATERNO,CORREO,CONTRASENA,ESTADO,GENERO) values (71,'Alejandro','Rosales','Arzola','AROSALESA.RA@GIL.COM','lp',1,1);
Insert into TRABAJOTERMINAL.T_USUARIO (PK_USUARIO,NOMBRE,APATERNO,AMATERNO,CORREO,CONTRASENA,ESTADO,GENERO) values (72,'Alejandro','Rosales','Arzola','AROSALLOLOESA.RA@GMAIL.COM','kokok',1,1);
Insert into TRABAJOTERMINAL.T_USUARIO (PK_USUARIO,NOMBRE,APATERNO,AMATERNO,CORREO,CONTRASENA,ESTADO,GENERO) values (73,'asd','ad','asd','AROSALESA.RA@GMAIL.ASD','asd',1,1);
Insert into TRABAJOTERMINAL.T_USUARIO (PK_USUARIO,NOMBRE,APATERNO,AMATERNO,CORREO,CONTRASENA,ESTADO,GENERO) values (119,'liebre','Ramirez','Mayorga','LUCIARAMIREZMAYORGA@HOTMAIL.COM','a',1,2);
Insert into TRABAJOTERMINAL.T_USUARIO (PK_USUARIO,NOMBRE,APATERNO,AMATERNO,CORREO,CONTRASENA,ESTADO,GENERO) values (42,'NULLsdf','NULsdfdsL','sdf','''''AROSALESA.RA@GMAIL.COM''''','asd',0,1);
Insert into TRABAJOTERMINAL.T_USUARIO (PK_USUARIO,NOMBRE,APATERNO,AMATERNO,CORREO,CONTRASENA,ESTADO,GENERO) values (61,'Alejandro','Rosales','Arzola','asdasd','Aa019972',1,1);
Insert into TRABAJOTERMINAL.T_USUARIO (PK_USUARIO,NOMBRE,APATERNO,AMATERNO,CORREO,CONTRASENA,ESTADO,GENERO) values (62,'Alejandro','Rosales','Arzola','AROSALESA.RA@asdasdasdGMAIL.COM','Aa019972',1,1);
Insert into TRABAJOTERMINAL.T_USUARIO (PK_USUARIO,NOMBRE,APATERNO,AMATERNO,CORREO,CONTRASENA,ESTADO,GENERO) values (69,'Alejandro','Rosales','Arzola','AROSALESA_RA@OUTLOOK.ES','asd',1,1);
Insert into TRABAJOTERMINAL.T_USUARIO (PK_USUARIO,NOMBRE,APATERNO,AMATERNO,CORREO,CONTRASENA,ESTADO,GENERO) values (74,'Alejandro','Rosales','Arzola','ASD@ASD.COM','asd',1,1);
Insert into TRABAJOTERMINAL.T_USUARIO (PK_USUARIO,NOMBRE,APATERNO,AMATERNO,CORREO,CONTRASENA,ESTADO,GENERO) values (70,'Alejandro','Rosales','Arzola','AROSALESA.RA@GMAIL.COM','1',1,1);
Insert into TRABAJOTERMINAL.T_USUARIO (PK_USUARIO,NOMBRE,APATERNO,AMATERNO,CORREO,CONTRASENA,ESTADO,GENERO) values (75,'Alejandro','Rosales','Arzola','AD@AD.COM','asd',1,1);
Insert into TRABAJOTERMINAL.T_USUARIO (PK_USUARIO,NOMBRE,APATERNO,AMATERNO,CORREO,CONTRASENA,ESTADO,GENERO) values (76,'Alejandro','Rosales','Arzola','ALE@ALE.COM','asd',1,1);
Insert into TRABAJOTERMINAL.T_USUARIO (PK_USUARIO,NOMBRE,APATERNO,AMATERNO,CORREO,CONTRASENA,ESTADO,GENERO) values (77,'Alejandro','Rosales','Arzola','AQUE@TES.COM','asd',1,1);
Insert into TRABAJOTERMINAL.T_USUARIO (PK_USUARIO,NOMBRE,APATERNO,AMATERNO,CORREO,CONTRASENA,ESTADO,GENERO) values (98,'Lucia','Ramirez','Mayorga','ARA@ARA.COM','ara',1,1);
Insert into TRABAJOTERMINAL.T_USUARIO (PK_USUARIO,NOMBRE,APATERNO,AMATERNO,CORREO,CONTRASENA,ESTADO,GENERO) values (118,'Lucia','Ramirez','Mayorga','LUCIARAMIREZMAYORGA@HOTMAIL.COM','a',1,2);
Insert into TRABAJOTERMINAL.T_USUARIO (PK_USUARIO,NOMBRE,APATERNO,AMATERNO,CORREO,CONTRASENA,ESTADO,GENERO) values (1,'ALEJANDRO','ROSALES','ARZOLA','rest','liebre',0,1);
Insert into TRABAJOTERMINAL.T_USUARIO (PK_USUARIO,NOMBRE,APATERNO,AMATERNO,CORREO,CONTRASENA,ESTADO,GENERO) values (34,'Alejandro','Rosales ','Arzola','AROSALESARA','alejandro',1,1);
Insert into TRABAJOTERMINAL.T_USUARIO (PK_USUARIO,NOMBRE,APATERNO,AMATERNO,CORREO,CONTRASENA,ESTADO,GENERO) values (30,'NULLasdas','NULLasda','asdasd','ASDAFA','asdadasd',1,1);
Insert into TRABAJOTERMINAL.T_USUARIO (PK_USUARIO,NOMBRE,APATERNO,AMATERNO,CORREO,CONTRASENA,ESTADO,GENERO) values (78,'Alejandro','Rosales','Arzola','AROSALESA.RA@GMAIL.COAAAM','a',1,2);
--------------------------------------------------------
--  DDL for Index C_CLASE_PK
--------------------------------------------------------

  CREATE UNIQUE INDEX "TRABAJOTERMINAL"."C_CLASE_PK" ON "TRABAJOTERMINAL"."C_CLASE" ("ID_CLASE") 
  PCTFREE 10 INITRANS 2 MAXTRANS 255 COMPUTE STATISTICS 
  STORAGE(INITIAL 65536 NEXT 1048576 MINEXTENTS 1 MAXEXTENTS 2147483645
  PCTINCREASE 0 FREELISTS 1 FREELIST GROUPS 1 BUFFER_POOL DEFAULT FLASH_CACHE DEFAULT CELL_FLASH_CACHE DEFAULT)
  TABLESPACE "USERS" ;
--------------------------------------------------------
--  DDL for Index C_TIPO_PK
--------------------------------------------------------

  CREATE UNIQUE INDEX "TRABAJOTERMINAL"."C_TIPO_PK" ON "TRABAJOTERMINAL"."C_TIPO" ("ID_TIPO") 
  PCTFREE 10 INITRANS 2 MAXTRANS 255 COMPUTE STATISTICS 
  STORAGE(INITIAL 65536 NEXT 1048576 MINEXTENTS 1 MAXEXTENTS 2147483645
  PCTINCREASE 0 FREELISTS 1 FREELIST GROUPS 1 BUFFER_POOL DEFAULT FLASH_CACHE DEFAULT CELL_FLASH_CACHE DEFAULT)
  TABLESPACE "USERS" ;
--------------------------------------------------------
--  DDL for Index T_CUESTIONARIO_PK
--------------------------------------------------------

  CREATE UNIQUE INDEX "TRABAJOTERMINAL"."T_CUESTIONARIO_PK" ON "TRABAJOTERMINAL"."T_CUESTIONARIO" ("ID_CUESTIONARIO") 
  PCTFREE 10 INITRANS 2 MAXTRANS 255 COMPUTE STATISTICS 
  STORAGE(INITIAL 65536 NEXT 1048576 MINEXTENTS 1 MAXEXTENTS 2147483645
  PCTINCREASE 0 FREELISTS 1 FREELIST GROUPS 1 BUFFER_POOL DEFAULT FLASH_CACHE DEFAULT CELL_FLASH_CACHE DEFAULT)
  TABLESPACE "USERS" ;
--------------------------------------------------------
--  DDL for Index T_GENERO_PK
--------------------------------------------------------

  CREATE UNIQUE INDEX "TRABAJOTERMINAL"."T_GENERO_PK" ON "TRABAJOTERMINAL"."T_GENERO" ("ID_GENERO") 
  PCTFREE 10 INITRANS 2 MAXTRANS 255 COMPUTE STATISTICS 
  STORAGE(INITIAL 65536 NEXT 1048576 MINEXTENTS 1 MAXEXTENTS 2147483645
  PCTINCREASE 0 FREELISTS 1 FREELIST GROUPS 1 BUFFER_POOL DEFAULT FLASH_CACHE DEFAULT CELL_FLASH_CACHE DEFAULT)
  TABLESPACE "USERS" ;
--------------------------------------------------------
--  DDL for Index T_OPCION_PK
--------------------------------------------------------

  CREATE UNIQUE INDEX "TRABAJOTERMINAL"."T_OPCION_PK" ON "TRABAJOTERMINAL"."T_OPCION" ("ID_OPCION") 
  PCTFREE 10 INITRANS 2 MAXTRANS 255 COMPUTE STATISTICS 
  STORAGE(INITIAL 65536 NEXT 1048576 MINEXTENTS 1 MAXEXTENTS 2147483645
  PCTINCREASE 0 FREELISTS 1 FREELIST GROUPS 1 BUFFER_POOL DEFAULT FLASH_CACHE DEFAULT CELL_FLASH_CACHE DEFAULT)
  TABLESPACE "USERS" ;
--------------------------------------------------------
--  DDL for Index T_PREGUNTA_PK
--------------------------------------------------------

  CREATE UNIQUE INDEX "TRABAJOTERMINAL"."T_PREGUNTA_PK" ON "TRABAJOTERMINAL"."T_PREGUNTA" ("ID_PREGUNTA") 
  PCTFREE 10 INITRANS 2 MAXTRANS 255 COMPUTE STATISTICS 
  STORAGE(INITIAL 65536 NEXT 1048576 MINEXTENTS 1 MAXEXTENTS 2147483645
  PCTINCREASE 0 FREELISTS 1 FREELIST GROUPS 1 BUFFER_POOL DEFAULT FLASH_CACHE DEFAULT CELL_FLASH_CACHE DEFAULT)
  TABLESPACE "USERS" ;
--------------------------------------------------------
--  DDL for Index T_RESPUESTA_PK
--------------------------------------------------------

  CREATE UNIQUE INDEX "TRABAJOTERMINAL"."T_RESPUESTA_PK" ON "TRABAJOTERMINAL"."T_RESPUESTA" ("ID_RESPUESTA") 
  PCTFREE 10 INITRANS 2 MAXTRANS 255 COMPUTE STATISTICS 
  STORAGE(INITIAL 65536 NEXT 1048576 MINEXTENTS 1 MAXEXTENTS 2147483645
  PCTINCREASE 0 FREELISTS 1 FREELIST GROUPS 1 BUFFER_POOL DEFAULT FLASH_CACHE DEFAULT CELL_FLASH_CACHE DEFAULT)
  TABLESPACE "USERS" ;
--------------------------------------------------------
--  DDL for Index T_USER_PK
--------------------------------------------------------

  CREATE UNIQUE INDEX "TRABAJOTERMINAL"."T_USER_PK" ON "TRABAJOTERMINAL"."T_USER" ("ID_USER") 
  PCTFREE 10 INITRANS 2 MAXTRANS 255 COMPUTE STATISTICS 
  STORAGE(INITIAL 65536 NEXT 1048576 MINEXTENTS 1 MAXEXTENTS 2147483645
  PCTINCREASE 0 FREELISTS 1 FREELIST GROUPS 1 BUFFER_POOL DEFAULT FLASH_CACHE DEFAULT CELL_FLASH_CACHE DEFAULT)
  TABLESPACE "USERS" ;
--------------------------------------------------------
--  DDL for Index T_USUARIO_PK
--------------------------------------------------------

  CREATE UNIQUE INDEX "TRABAJOTERMINAL"."T_USUARIO_PK" ON "TRABAJOTERMINAL"."T_USUARIO" ("PK_USUARIO") 
  PCTFREE 10 INITRANS 2 MAXTRANS 255 COMPUTE STATISTICS 
  STORAGE(INITIAL 65536 NEXT 1048576 MINEXTENTS 1 MAXEXTENTS 2147483645
  PCTINCREASE 0 FREELISTS 1 FREELIST GROUPS 1 BUFFER_POOL DEFAULT FLASH_CACHE DEFAULT CELL_FLASH_CACHE DEFAULT)
  TABLESPACE "USERS" ;
--------------------------------------------------------
--  DDL for Trigger TRI_CUESTIONARIO
--------------------------------------------------------

  CREATE OR REPLACE TRIGGER "TRABAJOTERMINAL"."TRI_CUESTIONARIO" 
   before insert on "TRABAJOTERMINAL"."T_CUESTIONARIO" 
   for each row 
begin  
   if inserting then 
      if :NEW."ID_CUESTIONARIO" is null then 
         select S_CUESTIONARIO.nextval into :NEW."ID_CUESTIONARIO" from dual; 
      end if; 
   end if; 
end;

/
ALTER TRIGGER "TRABAJOTERMINAL"."TRI_CUESTIONARIO" ENABLE;
--------------------------------------------------------
--  DDL for Trigger TRI_GENERO
--------------------------------------------------------

  CREATE OR REPLACE TRIGGER "TRABAJOTERMINAL"."TRI_GENERO" 
   before insert on "TRABAJOTERMINAL"."T_GENERO" 
   for each row 
begin  
   if inserting then 
      if :NEW."ID_GENERO" is null then 
         select SQ_GENERO.nextval into :NEW."ID_GENERO" from dual; 
      end if; 
   end if; 
end;

/
ALTER TRIGGER "TRABAJOTERMINAL"."TRI_GENERO" ENABLE;
--------------------------------------------------------
--  DDL for Trigger TRI_OPCION
--------------------------------------------------------

  CREATE OR REPLACE TRIGGER "TRABAJOTERMINAL"."TRI_OPCION" 
   before insert on "TRABAJOTERMINAL"."T_OPCION" 
   for each row 
begin  
   if inserting then 
      if :NEW."ID_OPCION" is null then 
         select SQ_OPCION.nextval into :NEW."ID_OPCION" from dual; 
      end if; 
   end if; 
end;

/
ALTER TRIGGER "TRABAJOTERMINAL"."TRI_OPCION" ENABLE;
--------------------------------------------------------
--  DDL for Trigger TRI_PREGUNTA
--------------------------------------------------------

  CREATE OR REPLACE TRIGGER "TRABAJOTERMINAL"."TRI_PREGUNTA" 
   before insert on "TRABAJOTERMINAL"."T_PREGUNTA" 
   for each row 
begin  
   if inserting then 
      if :NEW."ID_PREGUNTA" is null then 
         select SQ_PREGUNTA.nextval into :NEW."ID_PREGUNTA" from dual; 
      end if; 
   end if; 
end;

/
ALTER TRIGGER "TRABAJOTERMINAL"."TRI_PREGUNTA" ENABLE;
--------------------------------------------------------
--  DDL for Trigger TRI_RESPUESTA
--------------------------------------------------------

  CREATE OR REPLACE TRIGGER "TRABAJOTERMINAL"."TRI_RESPUESTA" 
   before insert on "TRABAJOTERMINAL"."T_RESPUESTA" 
   for each row 
begin  
   if inserting then 
      if :NEW."ID_RESPUESTA" is null then 
         select SQ_RESPUESTA.nextval into :NEW."ID_RESPUESTA" from dual; 
      end if; 
   end if; 
end;

/
ALTER TRIGGER "TRABAJOTERMINAL"."TRI_RESPUESTA" ENABLE;
--------------------------------------------------------
--  DDL for Trigger TRI_USER
--------------------------------------------------------

  CREATE OR REPLACE TRIGGER "TRABAJOTERMINAL"."TRI_USER" 
   before insert on "TRABAJOTERMINAL"."T_USER" 
   for each row 
begin  
   if inserting then 
      if :NEW."ID_USER" is null then 
         select SQ_USER.nextval into :NEW."ID_USER" from dual; 
      end if; 
   end if; 
end;

/
ALTER TRIGGER "TRABAJOTERMINAL"."TRI_USER" ENABLE;
--------------------------------------------------------
--  DDL for Trigger TRI_USUARIO
--------------------------------------------------------

  CREATE OR REPLACE TRIGGER "TRABAJOTERMINAL"."TRI_USUARIO" 
   before insert on "TRABAJOTERMINAL"."T_USUARIO" 
   for each row 
begin  
   if inserting then 
      if :NEW."PK_USUARIO" is null then 
         select SQ_USUARIO.nextval into :NEW."PK_USUARIO" from dual; 
      end if; 
   end if; 
end;

/
ALTER TRIGGER "TRABAJOTERMINAL"."TRI_USUARIO" ENABLE;
--------------------------------------------------------
--  DDL for Synonymn DUAL
--------------------------------------------------------

  CREATE OR REPLACE PUBLIC SYNONYM "DUAL" FOR "SYS"."DUAL";
--------------------------------------------------------
--  Constraints for Table C_CLASE
--------------------------------------------------------

  ALTER TABLE "TRABAJOTERMINAL"."C_CLASE" ADD CONSTRAINT "C_CLASE_PK" PRIMARY KEY ("ID_CLASE")
  USING INDEX PCTFREE 10 INITRANS 2 MAXTRANS 255 COMPUTE STATISTICS 
  STORAGE(INITIAL 65536 NEXT 1048576 MINEXTENTS 1 MAXEXTENTS 2147483645
  PCTINCREASE 0 FREELISTS 1 FREELIST GROUPS 1 BUFFER_POOL DEFAULT FLASH_CACHE DEFAULT CELL_FLASH_CACHE DEFAULT)
  TABLESPACE "USERS"  ENABLE;
  ALTER TABLE "TRABAJOTERMINAL"."C_CLASE" MODIFY ("ID_CLASE" NOT NULL ENABLE);
--------------------------------------------------------
--  Constraints for Table C_TIPO
--------------------------------------------------------

  ALTER TABLE "TRABAJOTERMINAL"."C_TIPO" ADD CONSTRAINT "C_TIPO_PK" PRIMARY KEY ("ID_TIPO")
  USING INDEX PCTFREE 10 INITRANS 2 MAXTRANS 255 COMPUTE STATISTICS 
  STORAGE(INITIAL 65536 NEXT 1048576 MINEXTENTS 1 MAXEXTENTS 2147483645
  PCTINCREASE 0 FREELISTS 1 FREELIST GROUPS 1 BUFFER_POOL DEFAULT FLASH_CACHE DEFAULT CELL_FLASH_CACHE DEFAULT)
  TABLESPACE "USERS"  ENABLE;
  ALTER TABLE "TRABAJOTERMINAL"."C_TIPO" MODIFY ("ID_TIPO" NOT NULL ENABLE);
--------------------------------------------------------
--  Constraints for Table T_CUESTIONARIO
--------------------------------------------------------

  ALTER TABLE "TRABAJOTERMINAL"."T_CUESTIONARIO" ADD CONSTRAINT "T_CUESTIONARIO_PK" PRIMARY KEY ("ID_CUESTIONARIO")
  USING INDEX PCTFREE 10 INITRANS 2 MAXTRANS 255 COMPUTE STATISTICS 
  STORAGE(INITIAL 65536 NEXT 1048576 MINEXTENTS 1 MAXEXTENTS 2147483645
  PCTINCREASE 0 FREELISTS 1 FREELIST GROUPS 1 BUFFER_POOL DEFAULT FLASH_CACHE DEFAULT CELL_FLASH_CACHE DEFAULT)
  TABLESPACE "USERS"  ENABLE;
  ALTER TABLE "TRABAJOTERMINAL"."T_CUESTIONARIO" MODIFY ("FK_USUARIO" NOT NULL ENABLE);
  ALTER TABLE "TRABAJOTERMINAL"."T_CUESTIONARIO" MODIFY ("ID_CUESTIONARIO" NOT NULL ENABLE);
--------------------------------------------------------
--  Constraints for Table T_GENERO
--------------------------------------------------------

  ALTER TABLE "TRABAJOTERMINAL"."T_GENERO" ADD CONSTRAINT "T_GENERO_PK" PRIMARY KEY ("ID_GENERO")
  USING INDEX PCTFREE 10 INITRANS 2 MAXTRANS 255 COMPUTE STATISTICS 
  STORAGE(INITIAL 65536 NEXT 1048576 MINEXTENTS 1 MAXEXTENTS 2147483645
  PCTINCREASE 0 FREELISTS 1 FREELIST GROUPS 1 BUFFER_POOL DEFAULT FLASH_CACHE DEFAULT CELL_FLASH_CACHE DEFAULT)
  TABLESPACE "USERS"  ENABLE;
  ALTER TABLE "TRABAJOTERMINAL"."T_GENERO" MODIFY ("ID_GENERO" NOT NULL ENABLE);
--------------------------------------------------------
--  Constraints for Table T_OPCION
--------------------------------------------------------

  ALTER TABLE "TRABAJOTERMINAL"."T_OPCION" ADD CONSTRAINT "T_OPCION_PK" PRIMARY KEY ("ID_OPCION")
  USING INDEX PCTFREE 10 INITRANS 2 MAXTRANS 255 COMPUTE STATISTICS 
  STORAGE(INITIAL 65536 NEXT 1048576 MINEXTENTS 1 MAXEXTENTS 2147483645
  PCTINCREASE 0 FREELISTS 1 FREELIST GROUPS 1 BUFFER_POOL DEFAULT FLASH_CACHE DEFAULT CELL_FLASH_CACHE DEFAULT)
  TABLESPACE "USERS"  ENABLE;
  ALTER TABLE "TRABAJOTERMINAL"."T_OPCION" MODIFY ("ID_OPCION" NOT NULL ENABLE);
--------------------------------------------------------
--  Constraints for Table T_PREGUNTA
--------------------------------------------------------

  ALTER TABLE "TRABAJOTERMINAL"."T_PREGUNTA" ADD CONSTRAINT "T_PREGUNTA_PK" PRIMARY KEY ("ID_PREGUNTA")
  USING INDEX PCTFREE 10 INITRANS 2 MAXTRANS 255 COMPUTE STATISTICS 
  STORAGE(INITIAL 65536 NEXT 1048576 MINEXTENTS 1 MAXEXTENTS 2147483645
  PCTINCREASE 0 FREELISTS 1 FREELIST GROUPS 1 BUFFER_POOL DEFAULT FLASH_CACHE DEFAULT CELL_FLASH_CACHE DEFAULT)
  TABLESPACE "USERS"  ENABLE;
  ALTER TABLE "TRABAJOTERMINAL"."T_PREGUNTA" MODIFY ("ID_PREGUNTA" NOT NULL ENABLE);
--------------------------------------------------------
--  Constraints for Table T_RESPUESTA
--------------------------------------------------------

  ALTER TABLE "TRABAJOTERMINAL"."T_RESPUESTA" ADD CONSTRAINT "T_RESPUESTA_PK" PRIMARY KEY ("ID_RESPUESTA")
  USING INDEX PCTFREE 10 INITRANS 2 MAXTRANS 255 COMPUTE STATISTICS 
  STORAGE(INITIAL 65536 NEXT 1048576 MINEXTENTS 1 MAXEXTENTS 2147483645
  PCTINCREASE 0 FREELISTS 1 FREELIST GROUPS 1 BUFFER_POOL DEFAULT FLASH_CACHE DEFAULT CELL_FLASH_CACHE DEFAULT)
  TABLESPACE "USERS"  ENABLE;
  ALTER TABLE "TRABAJOTERMINAL"."T_RESPUESTA" MODIFY ("ID_RESPUESTA" NOT NULL ENABLE);
--------------------------------------------------------
--  Constraints for Table T_USER
--------------------------------------------------------

  ALTER TABLE "TRABAJOTERMINAL"."T_USER" ADD CONSTRAINT "T_USER_PK" PRIMARY KEY ("ID_USER")
  USING INDEX PCTFREE 10 INITRANS 2 MAXTRANS 255 COMPUTE STATISTICS 
  STORAGE(INITIAL 65536 NEXT 1048576 MINEXTENTS 1 MAXEXTENTS 2147483645
  PCTINCREASE 0 FREELISTS 1 FREELIST GROUPS 1 BUFFER_POOL DEFAULT FLASH_CACHE DEFAULT CELL_FLASH_CACHE DEFAULT)
  TABLESPACE "USERS"  ENABLE;
  ALTER TABLE "TRABAJOTERMINAL"."T_USER" MODIFY ("ID_USER" NOT NULL ENABLE);
--------------------------------------------------------
--  Constraints for Table T_USUARIO
--------------------------------------------------------

  ALTER TABLE "TRABAJOTERMINAL"."T_USUARIO" ADD CONSTRAINT "T_USUARIO_PK" PRIMARY KEY ("PK_USUARIO")
  USING INDEX PCTFREE 10 INITRANS 2 MAXTRANS 255 COMPUTE STATISTICS 
  STORAGE(INITIAL 65536 NEXT 1048576 MINEXTENTS 1 MAXEXTENTS 2147483645
  PCTINCREASE 0 FREELISTS 1 FREELIST GROUPS 1 BUFFER_POOL DEFAULT FLASH_CACHE DEFAULT CELL_FLASH_CACHE DEFAULT)
  TABLESPACE "USERS"  ENABLE;
  ALTER TABLE "TRABAJOTERMINAL"."T_USUARIO" MODIFY ("PK_USUARIO" NOT NULL ENABLE);
