--------------------------------------------------------
-- Archivo creado  - domingo-enero-06-2019   
--------------------------------------------------------
--------------------------------------------------------
--  DDL for Table T_CUESTIONARIO
--------------------------------------------------------

  CREATE TABLE "TRABAJOTERMINAL"."T_CUESTIONARIO" 
   (	"ID_CUESTIONARIO" NUMBER, 
	"FK_USUARIO" NUMBER, 
	"NOMBRE" VARCHAR2(50 BYTE), 
	"DESCRIPCION" VARCHAR2(200 BYTE), 
	"FECHA_CREACION" DATE, 
	"FECHA_MODIFICACION" DATE, 
	"FECHA_FIN" DATE, 
	"ESTADO" NUMBER, 
	"CONTRASENA" VARCHAR2(100 BYTE)
   ) SEGMENT CREATION IMMEDIATE 
  PCTFREE 10 PCTUSED 40 INITRANS 1 MAXTRANS 255 NOCOMPRESS LOGGING
  STORAGE(INITIAL 65536 NEXT 1048576 MINEXTENTS 1 MAXEXTENTS 2147483645
  PCTINCREASE 0 FREELISTS 1 FREELIST GROUPS 1 BUFFER_POOL DEFAULT FLASH_CACHE DEFAULT CELL_FLASH_CACHE DEFAULT)
  TABLESPACE "USERS" ;
--------------------------------------------------------
--  DDL for Table T_GENERO
--------------------------------------------------------

  CREATE TABLE "TRABAJOTERMINAL"."T_GENERO" 
   (	"ID_GENERO" NUMBER, 
	"DESCRIPCION" VARCHAR2(50 BYTE), 
	"ESTADO" NUMBER
   ) SEGMENT CREATION IMMEDIATE 
  PCTFREE 10 PCTUSED 40 INITRANS 1 MAXTRANS 255 NOCOMPRESS LOGGING
  STORAGE(INITIAL 65536 NEXT 1048576 MINEXTENTS 1 MAXEXTENTS 2147483645
  PCTINCREASE 0 FREELISTS 1 FREELIST GROUPS 1 BUFFER_POOL DEFAULT FLASH_CACHE DEFAULT CELL_FLASH_CACHE DEFAULT)
  TABLESPACE "USERS" ;
--------------------------------------------------------
--  DDL for Table T_OPCION
--------------------------------------------------------

  CREATE TABLE "TRABAJOTERMINAL"."T_OPCION" 
   (	"ID_OPCION" NUMBER, 
	"FK_PREGUNTA" NUMBER, 
	"DESCRIPCION" VARCHAR2(100 BYTE), 
	"ORDEN" NUMBER, 
	"ESTADO" NUMBER
   ) SEGMENT CREATION IMMEDIATE 
  PCTFREE 10 PCTUSED 40 INITRANS 1 MAXTRANS 255 NOCOMPRESS LOGGING
  STORAGE(INITIAL 65536 NEXT 1048576 MINEXTENTS 1 MAXEXTENTS 2147483645
  PCTINCREASE 0 FREELISTS 1 FREELIST GROUPS 1 BUFFER_POOL DEFAULT FLASH_CACHE DEFAULT CELL_FLASH_CACHE DEFAULT)
  TABLESPACE "USERS" ;
--------------------------------------------------------
--  DDL for Table T_PREGUNTA
--------------------------------------------------------

  CREATE TABLE "TRABAJOTERMINAL"."T_PREGUNTA" 
   (	"ID_PREGUNTA" NUMBER, 
	"FK_CUESTIONARIO" NUMBER, 
	"DESCRIPCION" VARCHAR2(200 BYTE), 
	"TIPO" NUMBER, 
	"CLASE" NUMBER, 
	"ESTADO" NUMBER, 
	"ORDEN" NUMBER, 
	"TAMANO" NUMBER, 
	"OBLIGADO" NUMBER, 
	"RANGO" VARCHAR2(50 BYTE)
   ) SEGMENT CREATION IMMEDIATE 
  PCTFREE 10 PCTUSED 40 INITRANS 1 MAXTRANS 255 NOCOMPRESS LOGGING
  STORAGE(INITIAL 65536 NEXT 1048576 MINEXTENTS 1 MAXEXTENTS 2147483645
  PCTINCREASE 0 FREELISTS 1 FREELIST GROUPS 1 BUFFER_POOL DEFAULT FLASH_CACHE DEFAULT CELL_FLASH_CACHE DEFAULT)
  TABLESPACE "USERS" ;
--------------------------------------------------------
--  DDL for Table T_USUARIO
--------------------------------------------------------

  CREATE TABLE "TRABAJOTERMINAL"."T_USUARIO" 
   (	"PK_USUARIO" NUMBER, 
	"NOMBRE" VARCHAR2(50 BYTE), 
	"APATERNO" VARCHAR2(50 BYTE), 
	"AMATERNO" VARCHAR2(50 BYTE), 
	"CORREO" VARCHAR2(50 BYTE), 
	"CONTRASENA" VARCHAR2(50 BYTE), 
	"ESTADO" NUMBER, 
	"GENERO" NUMBER
   ) SEGMENT CREATION IMMEDIATE 
  PCTFREE 10 PCTUSED 40 INITRANS 1 MAXTRANS 255 NOCOMPRESS LOGGING
  STORAGE(INITIAL 65536 NEXT 1048576 MINEXTENTS 1 MAXEXTENTS 2147483645
  PCTINCREASE 0 FREELISTS 1 FREELIST GROUPS 1 BUFFER_POOL DEFAULT FLASH_CACHE DEFAULT CELL_FLASH_CACHE DEFAULT)
  TABLESPACE "USERS" ;
--------------------------------------------------------
--  DDL for Table C_TIPO
--------------------------------------------------------

  CREATE TABLE "TRABAJOTERMINAL"."C_TIPO" 
   (	"ID_TIPO" NUMBER, 
	"DESCRIPCION" VARCHAR2(50 BYTE), 
	"ESTADO" NUMBER
   ) SEGMENT CREATION IMMEDIATE 
  PCTFREE 10 PCTUSED 40 INITRANS 1 MAXTRANS 255 NOCOMPRESS LOGGING
  STORAGE(INITIAL 65536 NEXT 1048576 MINEXTENTS 1 MAXEXTENTS 2147483645
  PCTINCREASE 0 FREELISTS 1 FREELIST GROUPS 1 BUFFER_POOL DEFAULT FLASH_CACHE DEFAULT CELL_FLASH_CACHE DEFAULT)
  TABLESPACE "USERS" ;
--------------------------------------------------------
--  DDL for Table C_CLASE
--------------------------------------------------------

  CREATE TABLE "TRABAJOTERMINAL"."C_CLASE" 
   (	"ID_CLASE" NUMBER, 
	"DESCRIPCION" VARCHAR2(50 BYTE), 
	"ESTADO" NUMBER
   ) SEGMENT CREATION IMMEDIATE 
  PCTFREE 10 PCTUSED 40 INITRANS 1 MAXTRANS 255 NOCOMPRESS LOGGING
  STORAGE(INITIAL 65536 NEXT 1048576 MINEXTENTS 1 MAXEXTENTS 2147483645
  PCTINCREASE 0 FREELISTS 1 FREELIST GROUPS 1 BUFFER_POOL DEFAULT FLASH_CACHE DEFAULT CELL_FLASH_CACHE DEFAULT)
  TABLESPACE "USERS" ;
REM INSERTING into TRABAJOTERMINAL.T_CUESTIONARIO
SET DEFINE OFF;
Insert into TRABAJOTERMINAL.T_CUESTIONARIO (ID_CUESTIONARIO,FK_USUARIO,NOMBRE,DESCRIPCION,FECHA_CREACION,FECHA_MODIFICACION,FECHA_FIN,ESTADO,CONTRASENA) values (1,70,'nombre','descripcion',to_date('06/11/18','DD/MM/RR'),to_date('18/11/18','DD/MM/RR'),to_date('10/10/50','DD/MM/RR'),0,null);
Insert into TRABAJOTERMINAL.T_CUESTIONARIO (ID_CUESTIONARIO,FK_USUARIO,NOMBRE,DESCRIPCION,FECHA_CREACION,FECHA_MODIFICACION,FECHA_FIN,ESTADO,CONTRASENA) values (2,70,'nombre','descripcion',to_date('06/11/18','DD/MM/RR'),to_date('02/01/19','DD/MM/RR'),to_date('10/10/50','DD/MM/RR'),0,null);
Insert into TRABAJOTERMINAL.T_CUESTIONARIO (ID_CUESTIONARIO,FK_USUARIO,NOMBRE,DESCRIPCION,FECHA_CREACION,FECHA_MODIFICACION,FECHA_FIN,ESTADO,CONTRASENA) values (3,71,'la','liebre',to_date('06/11/18','DD/MM/RR'),to_date('06/11/18','DD/MM/RR'),to_date('10/10/50','DD/MM/RR'),1,'siveriana');
Insert into TRABAJOTERMINAL.T_CUESTIONARIO (ID_CUESTIONARIO,FK_USUARIO,NOMBRE,DESCRIPCION,FECHA_CREACION,FECHA_MODIFICACION,FECHA_FIN,ESTADO,CONTRASENA) values (41,70,'concensoeditado1','este cuestionario tiene como fin el dialogo',to_date('09/12/18','DD/MM/RR'),to_date('02/01/19','DD/MM/RR'),to_date('18/11/18','DD/MM/RR'),0,'test');
Insert into TRABAJOTERMINAL.T_CUESTIONARIO (ID_CUESTIONARIO,FK_USUARIO,NOMBRE,DESCRIPCION,FECHA_CREACION,FECHA_MODIFICACION,FECHA_FIN,ESTADO,CONTRASENA) values (61,119,'hacho','desc',to_date('28/12/18','DD/MM/RR'),to_date('28/12/18','DD/MM/RR'),to_date('01/10/19','DD/MM/RR'),1,'asd');
Insert into TRABAJOTERMINAL.T_CUESTIONARIO (ID_CUESTIONARIO,FK_USUARIO,NOMBRE,DESCRIPCION,FECHA_CREACION,FECHA_MODIFICACION,FECHA_FIN,ESTADO,CONTRASENA) values (62,119,'hacho','desc',to_date('28/12/18','DD/MM/RR'),to_date('28/12/18','DD/MM/RR'),to_date('29/12/18','DD/MM/RR'),1,'asd');
Insert into TRABAJOTERMINAL.T_CUESTIONARIO (ID_CUESTIONARIO,FK_USUARIO,NOMBRE,DESCRIPCION,FECHA_CREACION,FECHA_MODIFICACION,FECHA_FIN,ESTADO,CONTRASENA) values (83,70,'asdsadsadsadsa','test',to_date('02/01/19','DD/MM/RR'),to_date('02/01/19','DD/MM/RR'),to_date('15/01/19','DD/MM/RR'),1,'clave');
Insert into TRABAJOTERMINAL.T_CUESTIONARIO (ID_CUESTIONARIO,FK_USUARIO,NOMBRE,DESCRIPCION,FECHA_CREACION,FECHA_MODIFICACION,FECHA_FIN,ESTADO,CONTRASENA) values (84,70,'nombre','test',to_date('02/01/19','DD/MM/RR'),to_date('02/01/19','DD/MM/RR'),to_date('16/01/19','DD/MM/RR'),1,'asdasdsadadasd');
Insert into TRABAJOTERMINAL.T_CUESTIONARIO (ID_CUESTIONARIO,FK_USUARIO,NOMBRE,DESCRIPCION,FECHA_CREACION,FECHA_MODIFICACION,FECHA_FIN,ESTADO,CONTRASENA) values (85,70,'nombre','desc',to_date('02/01/19','DD/MM/RR'),to_date('02/01/19','DD/MM/RR'),to_date('15/01/19','DD/MM/RR'),1,'asd');
Insert into TRABAJOTERMINAL.T_CUESTIONARIO (ID_CUESTIONARIO,FK_USUARIO,NOMBRE,DESCRIPCION,FECHA_CREACION,FECHA_MODIFICACION,FECHA_FIN,ESTADO,CONTRASENA) values (86,70,'nombre','asd',to_date('02/01/19','DD/MM/RR'),to_date('02/01/19','DD/MM/RR'),to_date('16/01/19','DD/MM/RR'),1,'asdasdsadadasd');
Insert into TRABAJOTERMINAL.T_CUESTIONARIO (ID_CUESTIONARIO,FK_USUARIO,NOMBRE,DESCRIPCION,FECHA_CREACION,FECHA_MODIFICACION,FECHA_FIN,ESTADO,CONTRASENA) values (22,70,'nombre','desc',to_date('11/11/18','DD/MM/RR'),to_date('02/01/19','DD/MM/RR'),to_date('18/11/18','DD/MM/RR'),0,'clave');
Insert into TRABAJOTERMINAL.T_CUESTIONARIO (ID_CUESTIONARIO,FK_USUARIO,NOMBRE,DESCRIPCION,FECHA_CREACION,FECHA_MODIFICACION,FECHA_FIN,ESTADO,CONTRASENA) values (23,70,'nombre','desc',to_date('11/11/18','DD/MM/RR'),to_date('02/01/19','DD/MM/RR'),to_date('18/11/18','DD/MM/RR'),0,'clave');
Insert into TRABAJOTERMINAL.T_CUESTIONARIO (ID_CUESTIONARIO,FK_USUARIO,NOMBRE,DESCRIPCION,FECHA_CREACION,FECHA_MODIFICACION,FECHA_FIN,ESTADO,CONTRASENA) values (24,70,'nombre','desc',to_date('11/11/18','DD/MM/RR'),to_date('02/01/19','DD/MM/RR'),to_date('25/11/18','DD/MM/RR'),0,'clave');
Insert into TRABAJOTERMINAL.T_CUESTIONARIO (ID_CUESTIONARIO,FK_USUARIO,NOMBRE,DESCRIPCION,FECHA_CREACION,FECHA_MODIFICACION,FECHA_FIN,ESTADO,CONTRASENA) values (25,70,'CUESTIONARIO1','PRUEBA DE UN NUEVO CUESTIONARIO',to_date('11/11/18','DD/MM/RR'),to_date('05/01/19','DD/MM/RR'),to_date('01/08/19','DD/MM/RR'),1,'1');
Insert into TRABAJOTERMINAL.T_CUESTIONARIO (ID_CUESTIONARIO,FK_USUARIO,NOMBRE,DESCRIPCION,FECHA_CREACION,FECHA_MODIFICACION,FECHA_FIN,ESTADO,CONTRASENA) values (26,98,'Censo','Task',to_date('12/11/18','DD/MM/RR'),to_date('12/11/18','DD/MM/RR'),to_date('20/11/18','DD/MM/RR'),1,'A');
Insert into TRABAJOTERMINAL.T_CUESTIONARIO (ID_CUESTIONARIO,FK_USUARIO,NOMBRE,DESCRIPCION,FECHA_CREACION,FECHA_MODIFICACION,FECHA_FIN,ESTADO,CONTRASENA) values (21,70,'alejandro','rosales arzola',to_date('11/11/18','DD/MM/RR'),to_date('11/11/18','DD/MM/RR'),null,0,null);
Insert into TRABAJOTERMINAL.T_CUESTIONARIO (ID_CUESTIONARIO,FK_USUARIO,NOMBRE,DESCRIPCION,FECHA_CREACION,FECHA_MODIFICACION,FECHA_FIN,ESTADO,CONTRASENA) values (81,70,'hacho','asd',to_date('02/01/19','DD/MM/RR'),to_date('02/01/19','DD/MM/RR'),to_date('18/11/18','DD/MM/RR'),0,'asd');
Insert into TRABAJOTERMINAL.T_CUESTIONARIO (ID_CUESTIONARIO,FK_USUARIO,NOMBRE,DESCRIPCION,FECHA_CREACION,FECHA_MODIFICACION,FECHA_FIN,ESTADO,CONTRASENA) values (82,70,'hachiaaatestasdasasdasddasdAaaaaaaaaaaaaaaa','asdaaaaaaaaaaaaaaaaaaaaaaaaaaaaaaaa',to_date('02/01/19','DD/MM/RR'),to_date('05/01/19','DD/MM/RR'),to_date('25/11/18','DD/MM/RR'),1,'clave');
REM INSERTING into TRABAJOTERMINAL.T_GENERO
SET DEFINE OFF;
Insert into TRABAJOTERMINAL.T_GENERO (ID_GENERO,DESCRIPCION,ESTADO) values (1,'MASCULINO',1);
Insert into TRABAJOTERMINAL.T_GENERO (ID_GENERO,DESCRIPCION,ESTADO) values (2,'FEMENINO',1);
REM INSERTING into TRABAJOTERMINAL.T_OPCION
SET DEFINE OFF;
Insert into TRABAJOTERMINAL.T_OPCION (ID_OPCION,FK_PREGUNTA,DESCRIPCION,ORDEN,ESTADO) values (23,31,'texto de prueba',20,0);
Insert into TRABAJOTERMINAL.T_OPCION (ID_OPCION,FK_PREGUNTA,DESCRIPCION,ORDEN,ESTADO) values (24,31,'esta es una nueva',50,1);
Insert into TRABAJOTERMINAL.T_OPCION (ID_OPCION,FK_PREGUNTA,DESCRIPCION,ORDEN,ESTADO) values (2,31,'a que el hachito',10,1);
Insert into TRABAJOTERMINAL.T_OPCION (ID_OPCION,FK_PREGUNTA,DESCRIPCION,ORDEN,ESTADO) values (21,31,'11',1,0);
Insert into TRABAJOTERMINAL.T_OPCION (ID_OPCION,FK_PREGUNTA,DESCRIPCION,ORDEN,ESTADO) values (22,31,'hachito',2,1);
Insert into TRABAJOTERMINAL.T_OPCION (ID_OPCION,FK_PREGUNTA,DESCRIPCION,ORDEN,ESTADO) values (41,61,'a',2,1);
Insert into TRABAJOTERMINAL.T_OPCION (ID_OPCION,FK_PREGUNTA,DESCRIPCION,ORDEN,ESTADO) values (42,61,'b',10,1);
Insert into TRABAJOTERMINAL.T_OPCION (ID_OPCION,FK_PREGUNTA,DESCRIPCION,ORDEN,ESTADO) values (1,31,'1 >20',10,1);
REM INSERTING into TRABAJOTERMINAL.T_PREGUNTA
SET DEFINE OFF;
Insert into TRABAJOTERMINAL.T_PREGUNTA (ID_PREGUNTA,FK_CUESTIONARIO,DESCRIPCION,TIPO,CLASE,ESTADO,ORDEN,TAMANO,OBLIGADO,RANGO) values (34,25,'test conf',1,1,1,10,100,0,'1,10');
Insert into TRABAJOTERMINAL.T_PREGUNTA (ID_PREGUNTA,FK_CUESTIONARIO,DESCRIPCION,TIPO,CLASE,ESTADO,ORDEN,TAMANO,OBLIGADO,RANGO) values (35,25,'a que el hacho',3,1,1,5,50,1,'5,15');
Insert into TRABAJOTERMINAL.T_PREGUNTA (ID_PREGUNTA,FK_CUESTIONARIO,DESCRIPCION,TIPO,CLASE,ESTADO,ORDEN,TAMANO,OBLIGADO,RANGO) values (41,25,'a que el hacho',2,2,1,10,50,1,'1,10');
Insert into TRABAJOTERMINAL.T_PREGUNTA (ID_PREGUNTA,FK_CUESTIONARIO,DESCRIPCION,TIPO,CLASE,ESTADO,ORDEN,TAMANO,OBLIGADO,RANGO) values (61,61,'a que el hacho',2,1,1,1,50,0,'1,10');
Insert into TRABAJOTERMINAL.T_PREGUNTA (ID_PREGUNTA,FK_CUESTIONARIO,DESCRIPCION,TIPO,CLASE,ESTADO,ORDEN,TAMANO,OBLIGADO,RANGO) values (31,25,'e',2,1,1,45,50,0,'1,10');
Insert into TRABAJOTERMINAL.T_PREGUNTA (ID_PREGUNTA,FK_CUESTIONARIO,DESCRIPCION,TIPO,CLASE,ESTADO,ORDEN,TAMANO,OBLIGADO,RANGO) values (33,25,'a que el hacho',2,1,1,50,50,1,'1,10');
REM INSERTING into TRABAJOTERMINAL.T_USUARIO
SET DEFINE OFF;
Insert into TRABAJOTERMINAL.T_USUARIO (PK_USUARIO,NOMBRE,APATERNO,AMATERNO,CORREO,CONTRASENA,ESTADO,GENERO) values (41,'Alejandro','Rosales','Arzola','asdasdasd','Aa019972',1,1);
Insert into TRABAJOTERMINAL.T_USUARIO (PK_USUARIO,NOMBRE,APATERNO,AMATERNO,CORREO,CONTRASENA,ESTADO,GENERO) values (71,'Alejandro','Rosales','Arzola','AROSALESA.RA@GIL.COM','lp',1,1);
Insert into TRABAJOTERMINAL.T_USUARIO (PK_USUARIO,NOMBRE,APATERNO,AMATERNO,CORREO,CONTRASENA,ESTADO,GENERO) values (72,'Alejandro','Rosales','Arzola','AROSALLOLOESA.RA@GMAIL.COM','kokok',1,1);
Insert into TRABAJOTERMINAL.T_USUARIO (PK_USUARIO,NOMBRE,APATERNO,AMATERNO,CORREO,CONTRASENA,ESTADO,GENERO) values (73,'asd','ad','asd','AROSALESA.RA@GMAIL.ASD','asd',1,1);
Insert into TRABAJOTERMINAL.T_USUARIO (PK_USUARIO,NOMBRE,APATERNO,AMATERNO,CORREO,CONTRASENA,ESTADO,GENERO) values (119,'liebre','Ramirez','Mayorga','LUCIARAMIREZMAYORGA@HOTMAIL.COM','a',1,2);
Insert into TRABAJOTERMINAL.T_USUARIO (PK_USUARIO,NOMBRE,APATERNO,AMATERNO,CORREO,CONTRASENA,ESTADO,GENERO) values (42,'NULLsdf','NULsdfdsL','sdf','''''AROSALESA.RA@GMAIL.COM''''','asd',0,1);
Insert into TRABAJOTERMINAL.T_USUARIO (PK_USUARIO,NOMBRE,APATERNO,AMATERNO,CORREO,CONTRASENA,ESTADO,GENERO) values (61,'Alejandro','Rosales','Arzola','asdasd','Aa019972',1,1);
Insert into TRABAJOTERMINAL.T_USUARIO (PK_USUARIO,NOMBRE,APATERNO,AMATERNO,CORREO,CONTRASENA,ESTADO,GENERO) values (62,'Alejandro','Rosales','Arzola','AROSALESA.RA@asdasdasdGMAIL.COM','Aa019972',1,1);
Insert into TRABAJOTERMINAL.T_USUARIO (PK_USUARIO,NOMBRE,APATERNO,AMATERNO,CORREO,CONTRASENA,ESTADO,GENERO) values (69,'Alejandro','Rosales','Arzola','AROSALESA_RA@OUTLOOK.ES','asd',1,1);
Insert into TRABAJOTERMINAL.T_USUARIO (PK_USUARIO,NOMBRE,APATERNO,AMATERNO,CORREO,CONTRASENA,ESTADO,GENERO) values (74,'Alejandro','Rosales','Arzola','ASD@ASD.COM','asd',1,1);
Insert into TRABAJOTERMINAL.T_USUARIO (PK_USUARIO,NOMBRE,APATERNO,AMATERNO,CORREO,CONTRASENA,ESTADO,GENERO) values (70,'Alejandro','Rosales','Arzola','AROSALESA.RA@GMAIL.COM','1',1,1);
Insert into TRABAJOTERMINAL.T_USUARIO (PK_USUARIO,NOMBRE,APATERNO,AMATERNO,CORREO,CONTRASENA,ESTADO,GENERO) values (75,'Alejandro','Rosales','Arzola','AD@AD.COM','asd',1,1);
Insert into TRABAJOTERMINAL.T_USUARIO (PK_USUARIO,NOMBRE,APATERNO,AMATERNO,CORREO,CONTRASENA,ESTADO,GENERO) values (76,'Alejandro','Rosales','Arzola','ALE@ALE.COM','asd',1,1);
Insert into TRABAJOTERMINAL.T_USUARIO (PK_USUARIO,NOMBRE,APATERNO,AMATERNO,CORREO,CONTRASENA,ESTADO,GENERO) values (77,'Alejandro','Rosales','Arzola','AQUE@TES.COM','asd',1,1);
Insert into TRABAJOTERMINAL.T_USUARIO (PK_USUARIO,NOMBRE,APATERNO,AMATERNO,CORREO,CONTRASENA,ESTADO,GENERO) values (98,'Lucia','Ramirez','Mayorga','ARA@ARA.COM','ara',1,1);
Insert into TRABAJOTERMINAL.T_USUARIO (PK_USUARIO,NOMBRE,APATERNO,AMATERNO,CORREO,CONTRASENA,ESTADO,GENERO) values (118,'Lucia','Ramirez','Mayorga','LUCIARAMIREZMAYORGA@HOTMAIL.COM','a',1,2);
Insert into TRABAJOTERMINAL.T_USUARIO (PK_USUARIO,NOMBRE,APATERNO,AMATERNO,CORREO,CONTRASENA,ESTADO,GENERO) values (1,'ALEJANDRO','ROSALES','ARZOLA','rest','liebre',0,1);
Insert into TRABAJOTERMINAL.T_USUARIO (PK_USUARIO,NOMBRE,APATERNO,AMATERNO,CORREO,CONTRASENA,ESTADO,GENERO) values (34,'Alejandro','Rosales ','Arzola','AROSALESARA','alejandro',1,1);
Insert into TRABAJOTERMINAL.T_USUARIO (PK_USUARIO,NOMBRE,APATERNO,AMATERNO,CORREO,CONTRASENA,ESTADO,GENERO) values (30,'NULLasdas','NULLasda','asdasd','ASDAFA','asdadasd',1,1);
Insert into TRABAJOTERMINAL.T_USUARIO (PK_USUARIO,NOMBRE,APATERNO,AMATERNO,CORREO,CONTRASENA,ESTADO,GENERO) values (78,'Alejandro','Rosales','Arzola','AROSALESA.RA@GMAIL.COAAAM','a',1,2);
REM INSERTING into TRABAJOTERMINAL.C_TIPO
SET DEFINE OFF;
Insert into TRABAJOTERMINAL.C_TIPO (ID_TIPO,DESCRIPCION,ESTADO) values (1,'Abierta',1);
Insert into TRABAJOTERMINAL.C_TIPO (ID_TIPO,DESCRIPCION,ESTADO) values (2,'Opción multiple',1);
Insert into TRABAJOTERMINAL.C_TIPO (ID_TIPO,DESCRIPCION,ESTADO) values (3,'Rango',1);
REM INSERTING into TRABAJOTERMINAL.C_CLASE
SET DEFINE OFF;
Insert into TRABAJOTERMINAL.C_CLASE (ID_CLASE,DESCRIPCION,ESTADO) values (1,'Formulario',1);
Insert into TRABAJOTERMINAL.C_CLASE (ID_CLASE,DESCRIPCION,ESTADO) values (2,'Cuestionario',1);
--------------------------------------------------------
--  DDL for Index T_CUESTIONARIO_PK
--------------------------------------------------------

  CREATE UNIQUE INDEX "TRABAJOTERMINAL"."T_CUESTIONARIO_PK" ON "TRABAJOTERMINAL"."T_CUESTIONARIO" ("ID_CUESTIONARIO") 
  PCTFREE 10 INITRANS 2 MAXTRANS 255 COMPUTE STATISTICS 
  STORAGE(INITIAL 65536 NEXT 1048576 MINEXTENTS 1 MAXEXTENTS 2147483645
  PCTINCREASE 0 FREELISTS 1 FREELIST GROUPS 1 BUFFER_POOL DEFAULT FLASH_CACHE DEFAULT CELL_FLASH_CACHE DEFAULT)
  TABLESPACE "USERS" ;
--------------------------------------------------------
--  DDL for Index T_GENERO_PK
--------------------------------------------------------

  CREATE UNIQUE INDEX "TRABAJOTERMINAL"."T_GENERO_PK" ON "TRABAJOTERMINAL"."T_GENERO" ("ID_GENERO") 
  PCTFREE 10 INITRANS 2 MAXTRANS 255 COMPUTE STATISTICS 
  STORAGE(INITIAL 65536 NEXT 1048576 MINEXTENTS 1 MAXEXTENTS 2147483645
  PCTINCREASE 0 FREELISTS 1 FREELIST GROUPS 1 BUFFER_POOL DEFAULT FLASH_CACHE DEFAULT CELL_FLASH_CACHE DEFAULT)
  TABLESPACE "USERS" ;
--------------------------------------------------------
--  DDL for Index T_OPCION_PK
--------------------------------------------------------

  CREATE UNIQUE INDEX "TRABAJOTERMINAL"."T_OPCION_PK" ON "TRABAJOTERMINAL"."T_OPCION" ("ID_OPCION") 
  PCTFREE 10 INITRANS 2 MAXTRANS 255 COMPUTE STATISTICS 
  STORAGE(INITIAL 65536 NEXT 1048576 MINEXTENTS 1 MAXEXTENTS 2147483645
  PCTINCREASE 0 FREELISTS 1 FREELIST GROUPS 1 BUFFER_POOL DEFAULT FLASH_CACHE DEFAULT CELL_FLASH_CACHE DEFAULT)
  TABLESPACE "USERS" ;
--------------------------------------------------------
--  DDL for Index T_PREGUNTA_PK
--------------------------------------------------------

  CREATE UNIQUE INDEX "TRABAJOTERMINAL"."T_PREGUNTA_PK" ON "TRABAJOTERMINAL"."T_PREGUNTA" ("ID_PREGUNTA") 
  PCTFREE 10 INITRANS 2 MAXTRANS 255 COMPUTE STATISTICS 
  STORAGE(INITIAL 65536 NEXT 1048576 MINEXTENTS 1 MAXEXTENTS 2147483645
  PCTINCREASE 0 FREELISTS 1 FREELIST GROUPS 1 BUFFER_POOL DEFAULT FLASH_CACHE DEFAULT CELL_FLASH_CACHE DEFAULT)
  TABLESPACE "USERS" ;
--------------------------------------------------------
--  DDL for Index T_USUARIO_PK
--------------------------------------------------------

  CREATE UNIQUE INDEX "TRABAJOTERMINAL"."T_USUARIO_PK" ON "TRABAJOTERMINAL"."T_USUARIO" ("PK_USUARIO") 
  PCTFREE 10 INITRANS 2 MAXTRANS 255 COMPUTE STATISTICS 
  STORAGE(INITIAL 65536 NEXT 1048576 MINEXTENTS 1 MAXEXTENTS 2147483645
  PCTINCREASE 0 FREELISTS 1 FREELIST GROUPS 1 BUFFER_POOL DEFAULT FLASH_CACHE DEFAULT CELL_FLASH_CACHE DEFAULT)
  TABLESPACE "USERS" ;
--------------------------------------------------------
--  DDL for Index C_TIPO_PK
--------------------------------------------------------

  CREATE UNIQUE INDEX "TRABAJOTERMINAL"."C_TIPO_PK" ON "TRABAJOTERMINAL"."C_TIPO" ("ID_TIPO") 
  PCTFREE 10 INITRANS 2 MAXTRANS 255 COMPUTE STATISTICS 
  STORAGE(INITIAL 65536 NEXT 1048576 MINEXTENTS 1 MAXEXTENTS 2147483645
  PCTINCREASE 0 FREELISTS 1 FREELIST GROUPS 1 BUFFER_POOL DEFAULT FLASH_CACHE DEFAULT CELL_FLASH_CACHE DEFAULT)
  TABLESPACE "USERS" ;
--------------------------------------------------------
--  DDL for Index C_CLASE_PK
--------------------------------------------------------

  CREATE UNIQUE INDEX "TRABAJOTERMINAL"."C_CLASE_PK" ON "TRABAJOTERMINAL"."C_CLASE" ("ID_CLASE") 
  PCTFREE 10 INITRANS 2 MAXTRANS 255 COMPUTE STATISTICS 
  STORAGE(INITIAL 65536 NEXT 1048576 MINEXTENTS 1 MAXEXTENTS 2147483645
  PCTINCREASE 0 FREELISTS 1 FREELIST GROUPS 1 BUFFER_POOL DEFAULT FLASH_CACHE DEFAULT CELL_FLASH_CACHE DEFAULT)
  TABLESPACE "USERS" ;
--------------------------------------------------------
--  DDL for Trigger TRI_CUESTIONARIO
--------------------------------------------------------

  CREATE OR REPLACE TRIGGER "TRABAJOTERMINAL"."TRI_CUESTIONARIO" 
   before insert on "TRABAJOTERMINAL"."T_CUESTIONARIO" 
   for each row 
begin  
   if inserting then 
      if :NEW."ID_CUESTIONARIO" is null then 
         select S_CUESTIONARIO.nextval into :NEW."ID_CUESTIONARIO" from dual; 
      end if; 
   end if; 
end;

/
ALTER TRIGGER "TRABAJOTERMINAL"."TRI_CUESTIONARIO" ENABLE;
--------------------------------------------------------
--  DDL for Trigger TRI_GENERO
--------------------------------------------------------

  CREATE OR REPLACE TRIGGER "TRABAJOTERMINAL"."TRI_GENERO" 
   before insert on "TRABAJOTERMINAL"."T_GENERO" 
   for each row 
begin  
   if inserting then 
      if :NEW."ID_GENERO" is null then 
         select SQ_GENERO.nextval into :NEW."ID_GENERO" from dual; 
      end if; 
   end if; 
end;

/
ALTER TRIGGER "TRABAJOTERMINAL"."TRI_GENERO" ENABLE;
--------------------------------------------------------
--  DDL for Trigger TRI_OPCION
--------------------------------------------------------

  CREATE OR REPLACE TRIGGER "TRABAJOTERMINAL"."TRI_OPCION" 
   before insert on "TRABAJOTERMINAL"."T_OPCION" 
   for each row 
begin  
   if inserting then 
      if :NEW."ID_OPCION" is null then 
         select SQ_OPCION.nextval into :NEW."ID_OPCION" from dual; 
      end if; 
   end if; 
end;

/
ALTER TRIGGER "TRABAJOTERMINAL"."TRI_OPCION" ENABLE;
--------------------------------------------------------
--  DDL for Trigger TRI_PREGUNTA
--------------------------------------------------------

  CREATE OR REPLACE TRIGGER "TRABAJOTERMINAL"."TRI_PREGUNTA" 
   before insert on "TRABAJOTERMINAL"."T_PREGUNTA" 
   for each row 
begin  
   if inserting then 
      if :NEW."ID_PREGUNTA" is null then 
         select SQ_PREGUNTA.nextval into :NEW."ID_PREGUNTA" from dual; 
      end if; 
   end if; 
end;

/
ALTER TRIGGER "TRABAJOTERMINAL"."TRI_PREGUNTA" ENABLE;
--------------------------------------------------------
--  DDL for Trigger TRI_USUARIO
--------------------------------------------------------

  CREATE OR REPLACE TRIGGER "TRABAJOTERMINAL"."TRI_USUARIO" 
   before insert on "TRABAJOTERMINAL"."T_USUARIO" 
   for each row 
begin  
   if inserting then 
      if :NEW."PK_USUARIO" is null then 
         select SQ_USUARIO.nextval into :NEW."PK_USUARIO" from dual; 
      end if; 
   end if; 
end;

/
ALTER TRIGGER "TRABAJOTERMINAL"."TRI_USUARIO" ENABLE;
--------------------------------------------------------
--  Constraints for Table T_CUESTIONARIO
--------------------------------------------------------

  ALTER TABLE "TRABAJOTERMINAL"."T_CUESTIONARIO" ADD CONSTRAINT "T_CUESTIONARIO_PK" PRIMARY KEY ("ID_CUESTIONARIO")
  USING INDEX PCTFREE 10 INITRANS 2 MAXTRANS 255 COMPUTE STATISTICS 
  STORAGE(INITIAL 65536 NEXT 1048576 MINEXTENTS 1 MAXEXTENTS 2147483645
  PCTINCREASE 0 FREELISTS 1 FREELIST GROUPS 1 BUFFER_POOL DEFAULT FLASH_CACHE DEFAULT CELL_FLASH_CACHE DEFAULT)
  TABLESPACE "USERS"  ENABLE;
  ALTER TABLE "TRABAJOTERMINAL"."T_CUESTIONARIO" MODIFY ("FK_USUARIO" NOT NULL ENABLE);
  ALTER TABLE "TRABAJOTERMINAL"."T_CUESTIONARIO" MODIFY ("ID_CUESTIONARIO" NOT NULL ENABLE);
--------------------------------------------------------
--  Constraints for Table T_GENERO
--------------------------------------------------------

  ALTER TABLE "TRABAJOTERMINAL"."T_GENERO" ADD CONSTRAINT "T_GENERO_PK" PRIMARY KEY ("ID_GENERO")
  USING INDEX PCTFREE 10 INITRANS 2 MAXTRANS 255 COMPUTE STATISTICS 
  STORAGE(INITIAL 65536 NEXT 1048576 MINEXTENTS 1 MAXEXTENTS 2147483645
  PCTINCREASE 0 FREELISTS 1 FREELIST GROUPS 1 BUFFER_POOL DEFAULT FLASH_CACHE DEFAULT CELL_FLASH_CACHE DEFAULT)
  TABLESPACE "USERS"  ENABLE;
  ALTER TABLE "TRABAJOTERMINAL"."T_GENERO" MODIFY ("ID_GENERO" NOT NULL ENABLE);
--------------------------------------------------------
--  Constraints for Table T_OPCION
--------------------------------------------------------

  ALTER TABLE "TRABAJOTERMINAL"."T_OPCION" ADD CONSTRAINT "T_OPCION_PK" PRIMARY KEY ("ID_OPCION")
  USING INDEX PCTFREE 10 INITRANS 2 MAXTRANS 255 COMPUTE STATISTICS 
  STORAGE(INITIAL 65536 NEXT 1048576 MINEXTENTS 1 MAXEXTENTS 2147483645
  PCTINCREASE 0 FREELISTS 1 FREELIST GROUPS 1 BUFFER_POOL DEFAULT FLASH_CACHE DEFAULT CELL_FLASH_CACHE DEFAULT)
  TABLESPACE "USERS"  ENABLE;
  ALTER TABLE "TRABAJOTERMINAL"."T_OPCION" MODIFY ("ID_OPCION" NOT NULL ENABLE);
--------------------------------------------------------
--  Constraints for Table T_PREGUNTA
--------------------------------------------------------

  ALTER TABLE "TRABAJOTERMINAL"."T_PREGUNTA" ADD CONSTRAINT "T_PREGUNTA_PK" PRIMARY KEY ("ID_PREGUNTA")
  USING INDEX PCTFREE 10 INITRANS 2 MAXTRANS 255 COMPUTE STATISTICS 
  STORAGE(INITIAL 65536 NEXT 1048576 MINEXTENTS 1 MAXEXTENTS 2147483645
  PCTINCREASE 0 FREELISTS 1 FREELIST GROUPS 1 BUFFER_POOL DEFAULT FLASH_CACHE DEFAULT CELL_FLASH_CACHE DEFAULT)
  TABLESPACE "USERS"  ENABLE;
  ALTER TABLE "TRABAJOTERMINAL"."T_PREGUNTA" MODIFY ("ID_PREGUNTA" NOT NULL ENABLE);
--------------------------------------------------------
--  Constraints for Table T_USUARIO
--------------------------------------------------------

  ALTER TABLE "TRABAJOTERMINAL"."T_USUARIO" ADD CONSTRAINT "T_USUARIO_PK" PRIMARY KEY ("PK_USUARIO")
  USING INDEX PCTFREE 10 INITRANS 2 MAXTRANS 255 COMPUTE STATISTICS 
  STORAGE(INITIAL 65536 NEXT 1048576 MINEXTENTS 1 MAXEXTENTS 2147483645
  PCTINCREASE 0 FREELISTS 1 FREELIST GROUPS 1 BUFFER_POOL DEFAULT FLASH_CACHE DEFAULT CELL_FLASH_CACHE DEFAULT)
  TABLESPACE "USERS"  ENABLE;
  ALTER TABLE "TRABAJOTERMINAL"."T_USUARIO" MODIFY ("PK_USUARIO" NOT NULL ENABLE);
--------------------------------------------------------
--  Constraints for Table C_TIPO
--------------------------------------------------------

  ALTER TABLE "TRABAJOTERMINAL"."C_TIPO" ADD CONSTRAINT "C_TIPO_PK" PRIMARY KEY ("ID_TIPO")
  USING INDEX PCTFREE 10 INITRANS 2 MAXTRANS 255 COMPUTE STATISTICS 
  STORAGE(INITIAL 65536 NEXT 1048576 MINEXTENTS 1 MAXEXTENTS 2147483645
  PCTINCREASE 0 FREELISTS 1 FREELIST GROUPS 1 BUFFER_POOL DEFAULT FLASH_CACHE DEFAULT CELL_FLASH_CACHE DEFAULT)
  TABLESPACE "USERS"  ENABLE;
  ALTER TABLE "TRABAJOTERMINAL"."C_TIPO" MODIFY ("ID_TIPO" NOT NULL ENABLE);
--------------------------------------------------------
--  Constraints for Table C_CLASE
--------------------------------------------------------

  ALTER TABLE "TRABAJOTERMINAL"."C_CLASE" ADD CONSTRAINT "C_CLASE_PK" PRIMARY KEY ("ID_CLASE")
  USING INDEX PCTFREE 10 INITRANS 2 MAXTRANS 255 COMPUTE STATISTICS 
  STORAGE(INITIAL 65536 NEXT 1048576 MINEXTENTS 1 MAXEXTENTS 2147483645
  PCTINCREASE 0 FREELISTS 1 FREELIST GROUPS 1 BUFFER_POOL DEFAULT FLASH_CACHE DEFAULT CELL_FLASH_CACHE DEFAULT)
  TABLESPACE "USERS"  ENABLE;
  ALTER TABLE "TRABAJOTERMINAL"."C_CLASE" MODIFY ("ID_CLASE" NOT NULL ENABLE);
